uid,nickname,follower_count,tier,category,reason,signature,enterprise_name
MS4wLjABAAAAnsr6J6jnubMTqFpkFDdC7yqGPAM1MNHXlwwrVtxTbc_r616UzLlXePcD2vOirDOy,小钟Johnny,3527627,100万+,旅行/探险,初筛排除-旅行/探险-仅非洲无商业,大家好我是小钟，一名环球旅行者，非洲旅行7年，走过27个非洲国家，梦想是走遍非洲，很高兴在这里分享我的旅行见闻，谢谢支持！,
MS4wLjABAAAAHDnME09TPR9eKyIITPjgJSI_P98W6MB6gOtWAo7CBRjS-vzE5bqAtb1fbNJbR7VZ,凯希,6202,1000-1万,旅行/探险,初筛排除-旅行/探险-无非洲/商业信号,"INTP分享生活 一起研究变美日常
梦想是环游世界🌍旅居ing",
MS4wLjABAAAAsC13WYq9NnYuPpWTXCO_-pVgml7y6YUXvi36CljQTupx49Mqz2E9F6udEOAR14A2,小J环球旅行,6566,1000-1万,旅行/探险,初筛排除-旅行/探险-无非洲/商业信号,,
MS4wLjABAAAAiNgYpGqxRcYopskUbQ8Zl3z-8ecGSjI7U9HS347Vvlo,陕西都市快报,7928144,100万+,新闻媒体,初筛排除-新闻媒体-内容方向不相关,一档王牌民生新闻栏目，西北地区唯一的全国电视百佳栏目。陕西广播电视台都市青春频道官方抖音,
MS4wLjABAAAAHEKv8PchPRQMuoQRCtcji2MVEH01Z9jBlM5s5j_a9Uo,看度新闻,3130504,100万+,新闻媒体,初筛排除-新闻媒体-内容方向不相关,权威、及时、正义，有料、有爱、有趣。看度君欢迎您的合作、爆料，官方邮箱：2602803394@qq.com，官方微信：cdtv5cando,
MS4wLjABAAAAzqUFmvB46YX35X1e8_LyZ3E-0GU1kCMRdeu6cWhJOlE,李新咏 195国行走中,1289468,100万+,旅行/探险,初筛排除-旅行/探险-无非洲/商业信号,"想30岁前把全世界走遍，全球有195个联合国成员国，现在位于第163个国家英国，97年自来卷小伙，穷游，环球旅行中……
我：huanqiuge（星图，商务，本人）",
MS4wLjABAAAAaG5xpULCLTsZ1yvZL4tYWv04mybJYsjdyxBT3JJRF0o,世界出行,11789,1万-10万,旅行/探险,初筛排除-旅行/探险-无非洲/商业信号,旅游大巴出租12座～59座，旅游的找我13558211257,
MS4wLjABAAAAa8TxjxrmDMjjHKnLA0lQfV5ssvj-4Zv57R4dA_ZZdAF7NevL58eUsGm1mq1ijsmL,我的非洲生活,16216,1万-10万,旅行/探险,初筛排除-旅行/探险-仅非洲无商业,"一位生活在非洲的90后，分享非洲真实生活和见闻。
去过非洲六国乌干达，南苏丹，肯尼亚，博茨瓦纳，埃及，马拉维。
目前生活在非洲马拉维，首都；利隆圭。
有想到马拉维来旅游、考察的朋友可以私信我。
谢谢你：这么好看还关注我😘😘😘",
MS4wLjABAAAAOrIf3FqeHp8kXqbOhclVyc2MZWPQSW4pHmhV1wIAuojxJRa7qbUjBMT3vJUtl8DW,敬大宝旅行生活,1674,1000-1万,旅行/探险,初筛排除-旅行/探险-无非洲/商业信号,@敬大宝 敬大宝授权账号，分享旅行生活，感谢你的关注与支持！,
MS4wLjABAAAAqbrqNwEVmYe8xxgmi0suDz4VeHDAdWf2gUnrQjLMHtQVQhFzekWzLD_A6jv1KLzG,小猪世界奇闻,759395,10万-100万,泛知识/科普,初筛排除-泛知识/科普-无非洲/商业信号,"世界很大很精彩，陪你看不一样的人，听不一样的故事！  
商务:✅xiaozhushiji95",
MS4wLjABAAAAzwKmBjQQvmQSU48qkM5v3Vi492_F9YI3WVl1wlPmRgM,万泰闯非洲,2149,1000-1万,军事/时政,初筛排除-军事/时政-仅非洲无商业,"看懂钱的用处，才能读懂生活！
 1、钱的最大作用就是不必搭理任何人。 2、有了钱，你才有资格冷漠。 3、钱，就是人与人之间最硬的隔离墙。 4、没钱你只能低声下气;有钱你才能独来 独往。 5、钱不是用来合群的，而是用来担绝的。 6、真正的自由，不是去哪里都能去。而是能不见任何不想见的人。 7、钱是过滤器，帮你隔离掉麻烦、烂人和虚情假意。 8、钱越多，边界越硬;钱越小，关系越乱。 9、钱的本质，就是一个人的独立权。 10、钱不是连接纽带，而是隔离的武器。",
MS4wLjABAAAA4EhpZt3crg5vEHisAnomkQ41x1aMUjAP1WwKGLAeTF0,小辛巴全球旅行,279792,10万-100万,旅行/探险,初筛排除-旅行/探险-无非洲/商业信号,"主播出于农民  馈于百姓
农民的儿子  百姓的主播
做好每一件自己该做的事
感恩每一位帮助过我的人
一句话   雄起！",
MS4wLjABAAAAzENH9feOr0c36mYerb5Cyn5osHWhzvbUU9oAe0auRfQ,茉莉环球旅行日记,517281,10万-100万,旅行/探险,初筛排除-旅行/探险-无非洲/商业信号,"✈️ 90后成都妹子，独自旅行，已走过123国。偏爱第三世界，多次进入中东战乱国。
以后多了个新身份:中东亚非拉国际倒爷
茉莉: IcecoldMolly
@茉莉与她的999个旅行故事 
🧩西瓜/油管: 茉莉环球旅行日记
⚠️未经授权，视频不得转载，二次剪辑，商用等，否则必追究法律责任",
MS4wLjABAAAAjBQ-7uhaLxtOu80rN72M2MtFp2Fp4HUhquWAtbecIaeEXfwlSdWB6xTokRcDZXQD,周大侠奇遇,105129,10万-100万,旅行/探险,初筛排除-旅行/探险-无非洲/商业信号,"🌍旅行家、🛖探险家、🗽有事S
🏖海南岛日月湾〈布喜家庭旅馆〉主理人
💜个人生活@周大侠生活号 
💙订房号@日月湾布喜家庭旅馆",
MS4wLjABAAAA4oP9baf4-1EuwOojVDPaYq8SUNn1kJiodlJ16BpbR9w,Ethan,1077,1000-1万,旅行/探险,初筛排除-旅行/探险-无非洲/商业信号,环球18国🌍,
MS4wLjABAAAA6wBHc_sl1D2gpNFMS7bQ7FbbnrhVLdn4-Hn_S9oB6dA,和甫的流浪生活,26745,1万-10万,旅行/探险,初筛排除-旅行/探险-仅非洲无商业,北漂做过群演，下海做过渔民！之前背包穷游，现在摩旅穷游。头发目前留了十一年，脏辫发型八年，都是自己的头发！目前在单人单车摩旅非洲，感兴趣可以关注一下！,
MS4wLjABAAAAFBQ4hJvqZkEp5eVx2ZNgZjVSc0Z7NgujZdZKpImJalw_vkY3o_MqogLWm-6q94L8,非洲向阳(科普版),25,<1000,泛知识/科普,初筛排除-泛知识/科普-仅非洲无商业,本号主要分享非洲的基本情况 市场情况 提升非洲认知,
MS4wLjABAAAAyQnRooSkJ8nCy037LHb2LgT9LY6vvNbLfkemBf1tCVOUCTqOHHDCJNN0WD554OPq,中国日报青年频道,78306,1万-10万,新闻媒体,初筛排除-新闻媒体-内容方向不相关,,
MS4wLjABAAAAZc6_2IqC89BH7xNjZ_6NO5_pQc0qUl32XSnezm5nsLE,芒果TV,13041484,100万+,新闻媒体,初筛排除-新闻媒体-内容方向不相关,湖南广播电视台旗下唯一互联网视频平台,
MS4wLjABAAAAkM9ZSBPYyub0Bmv6amcMtuMRKQ6_yO5BR-UR_rXXwg0,风芒新闻,3973544,100万+,新闻媒体,初筛排除-新闻媒体-内容方向不相关,"湖南广播电视台风芒新闻官方账号
求助、爆料请发私信（注明时间+地点+事件+联系方式）",
MS4wLjABAAAAQ2gVWgWLkKx-2aj_KX795xfRdnrkvxBQOijnrlMptASiE15BpIoDQakxcAMs6QpB,中国商报,130989,10万-100万,新闻媒体,初筛排除-新闻媒体-内容方向不相关,把想签名的时间用来做短视频了呢！,
MS4wLjABAAAA1K_vXiGqTntt2E7eovKlcvBHE13CXXuogefq757nIVg,凤凰卫视,25808514,100万+,新闻媒体,初筛排除-新闻媒体-内容方向不相关,大事发生看凤凰,
MS4wLjABAAAA7XpEbISHnNcUzdrK8Xinzr4irjk0QXNtbVkcfrR8BV0,看看新闻Knews,26451289,100万+,新闻媒体,初筛排除-新闻媒体-内容方向不相关,天下大事，看东方卫视,
MS4wLjABAAAAnisqduVaLhnoNVt7yY7Jp8kY6FXJGiXpXG-WtsVpHcc,湖南广电金鹰955,1830616,100万+,新闻媒体,初筛排除-新闻媒体-内容方向不相关,"金鹰955，城市大眼睛！
求助、爆料请发私信（注明时间+地点+事件+联系方式）",
MS4wLjABAAAAte5H0T_hXrUu3-J-c_4eB-NTFv7a9OA7enGLTzUTADc,知株侠视频,178877,10万-100万,新闻媒体,初筛排除-新闻媒体-内容方向不相关,"株洲日报官方账号。更了解，更热爱，更株洲。
欢迎大家加入粉丝群，可直接视频投稿
爆料热线：0731-28829110
株洲市违法和不良信息举报中心举报电话:0731-28680240",
MS4wLjABAAAAnD5MpfX2vLLjZyJ-zMkvYqFqqLUSl9VgDOTexclwXiA,每日经济新闻,4463881,100万+,新闻媒体,初筛排除-新闻媒体-内容方向不相关,"关注我，更有“财”
中国主流财经媒体，发现热门资讯，掌握财经信息",
MS4wLjABAAAAAI5NlnACEgEN-kvqlL6rVvZ9XKBXx-Bt_M1RVw8SJJ4,经济日报,8908674,100万+,新闻媒体,初筛排除-新闻媒体-内容方向不相关,主流 权威 公信力,
MS4wLjABAAAAh5iqJhLXpBWG8d8z2NbPYDzp8C5KDylx1z-CCrBZKHjgEfr6eXX_tPI8Uh73drpy,国际商报,320034,10万-100万,新闻媒体,初筛排除-新闻媒体-内容方向不相关,眼界即世界,
MS4wLjABAAAAwMJfZWpX9eFMDJMu7BLYDxiU8cv8rBI7A7YvJQAxvMunQ2qzFrWYeGUpnK0I7xo2,小费说新闻,2927,1000-1万,新闻媒体,初筛排除-新闻媒体-内容方向不相关,每日最新热点资讯，小费为你新鲜发布。,
MS4wLjABAAAA2fclK5JnjJkTMt0aRCAsUim8XBbBFJcondXiYTSQYIg,北鼻叮当,7576,1000-1万,泛知识/科普,初筛排除-泛知识/科普-无非洲/商业信号,"生活有点甜
揭秘生活中的深度科普知识",
MS4wLjABAAAA90_G2IQZgbJtZeRnDljekmA49vYVGUVmd1ljqD0VjGc,人民日报国际,2646727,100万+,新闻媒体,初筛排除-新闻媒体-内容方向不相关,"零时差工作室，带你与世界同步。
视频投稿邮箱   lingshichapd@163.com，请关注同名公号：rmrbgjbd",
MS4wLjABAAAAmjueE8RCy5J-PCYnYKe6yJwDznoVr-fjxw7BG1ZQKpKzIKJ5cz5wpmA1p3Hcx2Z6,星漫追剧,101973,10万-100万,影视娱乐,初筛排除-影视娱乐-内容方向不相关,持续更新更多精彩AI短剧！,
MS4wLjABAAAAFA4vVrYVYd3ai8oJMg6PPGbNY_ogBwHlD_UE157BXOE,海博TV·福建发布,7255880,100万+,新闻媒体,初筛排除-新闻媒体-内容方向不相关,福建省广播影视集团融媒体资讯中心,
MS4wLjABAAAACmUNK8yr2VV3JyWj5_zVxjC0llSWAcYSjtOV0EdyQxs,环球网,42650985,100万+,新闻媒体,初筛排除-新闻媒体-内容方向不相关,世界那么大，环环带你看天下。官方商务合作或新闻投稿 vx：hqmrrs（请注明来意）,
MS4wLjABAAAASG75rqGhRuxzj4DtDS_rePUEUOjzlEl9crR9GS8eDCs,流浪的猫猫9,10165,1万-10万,旅行/探险,初筛排除-旅行/探险-无非洲/商业信号,"2016单人自驾亚欧非，8万里25国10个月
一个人环游世界19年，未.心..zjyff7
大概是个梦想家，冒险家
【那些冒险的梦我陪你去疯】",
MS4wLjABAAAAE16KDAntJ2BKxxKtkKCp-M7ugo32Ucw0V2dttdRZjA4,徽子墨的旅途见闻,558306,10万-100万,旅行/探险,初筛排除-旅行/探险-无非洲/商业信号,60岁阿姨一人一车，环球旅行，真实记录沿途见闻。,
MS4wLjABAAAAU2SMcmrhhjHjWUTp9c6OVAwch1R9OZmQ9AA3eTZFJJf6C2MF5-OaO_hWiOCxxok-,月月环球记,236216,10万-100万,旅行/探险,初筛排除-旅行/探险-仅非洲无商业,"程序员辞职环球旅行
一个人旅居，摩旅，背包65个国家
单人单车穿越非洲十一国
目前摩旅欧洲第十一国

💎小号:「月月环球宝石」
分享宝石以及旅行路上的随拍
更多分享： Shellex_",
MS4wLjABAAAA0pX91_q8fwPPFIIbWrDRAzOX5EsFGNKVaerJHVBriVQ,环华十年,274667,10万-100万,旅行/探险,初筛排除-旅行/探险-无非洲/商业信号,"2016年开始【环华十年】旅行
记录各地风景、人文、世间百态
投稿爆料＋V信hhsnv5666 
(请注明来意，找工作勿加)",
MS4wLjABAAAA0YwCfk9f-Ex-KyQigBsBhN7HODGhwzpeVKp6stobirI,李大炮-环球安保观察员,132116,10万-100万,旅行/探险,初筛排除-旅行/探险-无非洲/商业信号,"三观自成宇宙，不迎合任何人。
随性自由，得失随意。行事有尺，做人有度
半生烟火，一身傲骨。军装虽脱 军魂犹在！
兄弟：@李振纲-说海外安全",
MS4wLjABAAAAtGMjAjFVxbgzOw3qBFBrMkfTNlBRsmK9S7g_oTEOX0s,三湘都市报,559867,10万-100万,新闻媒体,初筛排除-新闻媒体-内容方向不相关,三湘君1995年创刊，由湖南日报社主办，是湖南省最大的都市报，“犇视频”是我们的视频新品牌，请多多关注哦～❤️,
MS4wLjABAAAApjoAXTZFpOOAgIjR_4SmVM4hM-ecAHVoFL4nd0ZscUA9K0msZA5LCt2MN8vshvs3,耀阳旅行频道,114348,10万-100万,旅行/探险,初筛排除-旅行/探险-无非洲/商业信号,"环游世界的旅行家 （已走117国）
《耀阳环游记》 的授权账号 
分享一些不一样角度的视频和观点 
拉你再次温故那些名场面@耀阳环游记",
MS4wLjABAAAAZFZIxg-47IdZr9TC-VBkyfycKRPxkuRm8CyUCxuZVgdaad_XSDmpXjR4Gg4ME3lu,大余发布,619156,10万-100万,新闻媒体,初筛排除-新闻媒体-内容方向不相关,"抖出大余好声音
传递大余正能量！
投稿wx:dyxrmtzx",
MS4wLjABAAAAZVyRBYWFZAlblsG7z1Uuw0AcWLmdvMyaKW1g7k7x718,炸机小队长FPV,9762,1000-1万,旅行/探险,初筛排除-旅行/探险-无非洲/商业信号,"🎯穿越机狂热爱好者 
🎯穿越机……没有玩好。环球旅行中……",
MS4wLjABAAAAomwwvhqRpAChkmWOxa_4_aGWC6m4YsSess8-ja5UEbKbz-Q00g83FoaFnvbW6EoB,三缺一（欢乐剧场）,355,<1000,影视娱乐,初筛排除-影视娱乐-内容方向不相关,"我有一个电影梦！
大家好！我们是三缺一欢乐剧场！
热爱电影、微电影、短视频拍摄制作，
该账号长期输出正能量、搞笑等类型视频。
感谢您的观看，记得点关注哦！谢谢！！
☞汇聚天下英雄豪杰☜",
MS4wLjABAAAAtG4n211tiEo9DqQdGbXvxddAn12xOb1I3qLMfdD_7c4,好剧放映社,473828,10万-100万,影视娱乐,初筛排除-影视娱乐-内容方向不相关,"📣爱看剧也爱追星
🥰喷子请远离
💖喜欢的可以点个关注喔！✨",
MS4wLjABAAAAobTPcmGa4YBO5t0G9OAIvPRxr6K6y84cGzx4NBNNao3Cr17S66FDQU9IGhnq2cTe,科普不废话,349902,10万-100万,泛知识/科普,初筛排除-泛知识/科普-无非洲/商业信号,"科普不废话，你的省流侠
仰望星空，同舟共济",
MS4wLjABAAAAgzA9mAMo7YNxuLpE-cberTxQUK28KRZWQNcmxtG7ubc,楠楠不爱穿袜子,31564,1万-10万,旅行/探险,初筛排除-旅行/探险-无非洲/商业信号,"一个身高173走过30国的东北女大学生
休学旅行中🌍自由行🧳",
MS4wLjABAAAAzKmhRr9_YTuOL2BFeg1F6kC6PxlMkvpZcg0S3F2z8T0,明星前线娱乐,4967694,100万+,影视娱乐,初筛排除-影视娱乐-内容方向不相关,"明星综艺  电影宣发
商务合作   活动邀约
品牌推广：yanyuguo5299
招剪刀手：yanyuguo5299",
MS4wLjABAAAAtHt29g6xGNqpOXcy87sdTP_KOtb_KVXO6xruGgLCE44,军武历史,378613,10万-100万,军事/时政,初筛排除-军事/时政-无非洲/商业信号,"深挖全球军武装备、历史、历史人物、历史事件。
请长按视频推荐，下集更精彩！",
MS4wLjABAAAAvsV1e8LaeUCt2qSiD6vWVtB0UTGk6rbyozsJJIP-dYM,第一财经,6252190,100万+,新闻媒体,初筛排除-新闻媒体-内容方向不相关,"• 第一财经官方账号
• 直播回看、市场消息----第一财经APP",
MS4wLjABAAAAB9fOV1l0NOfLDE-TNWCSe8GopOxhMJHC7IYE3nz8SOz2ICzSWAzR5IpaYIIxzh0C,励志名人堂,38559,1万-10万,泛知识/科普,初筛排除-泛知识/科普-无非洲/商业信号,"汇聚古今中外杰出人物的智慧与力量
商业人物｜商业传奇｜励志人物｜人物解读｜名人名言
明星百科｜奋斗人生｜成功故事｜成功秘诀｜名人传记",
MS4wLjABAAAAlbivsYBfEvoLHi1pu2js1foivfEnHY8hQNAOcVY6uLfKvVSY7cwtuDlw8rB5lQR5,星火仿真人剧场,48928,1万-10万,影视娱乐,初筛排除-影视娱乐-内容方向不相关,"星火正版原创漫剧官方账号✅
持续连载·全网同步·不间断更新！
欢迎加入粉丝群，更新第一时间发通知📢
拒绝盗版，支持原创，让好内容被更多人看见🌟",
MS4wLjABAAAAPAQb4xjSz83tAA5kwGIW0ZBUKMnZUdNLkHbMO8HHzOHUwrBfzwlBzOb6kO4fIYHY,广州恺遇体育有限公司,207739,10万-100万,体育/游戏,初筛排除-体育/游戏-内容方向不相关,"热爱音乐……
如果你磁场弱🚩
就多听听红歌🚩",
MS4wLjABAAAAd36t1Ju3jKTMj15omhrMys4faynDi_8bcmJ3eWgjzd4JuQqRbhmtC_0P6UiJBBk7,极剧-甜宠剧场,5232274,100万+,影视娱乐,初筛排除-影视娱乐-内容方向不相关,"【mcn】极剧
🔥极剧短剧官方账号
🌞关注看更多精彩剧集
喜欢看短剧的宝子都关注我了",
MS4wLjABAAAAKeOZA5tDIlysUJCZQ40mR8i38Ok6fTce-5mAWcW4s8s,财经网科技,2301091,100万+,新闻媒体,初筛排除-新闻媒体-内容方向不相关,几行字介绍不了我们这个内涵丰富的账号,
MS4wLjABAAAA_eNDiAALr16n8W6B2mVLlafd8Ahq0FvLCVGWgkjPfBAxKY9XGusc1wpPdP5uG2N5,氪财经,2389209,100万+,新闻媒体,初筛排除-新闻媒体-内容方向不相关,"解读财经热点，挖掘科技情报
讲述资本故事，与远见者同行
让一部分人先看到未来
【36氪官方账号】",
MS4wLjABAAAAXgF2scMKMy0CCErttOMf6M1wj72y-WVjB9GAER2m04I,静晶说珠宝,1826,1000-1万,泛知识/科普,初筛排除-泛知识/科普-无非洲/商业信号,"💎GIA钻石分级师
科班出身，下过矿挖过宝
珠宝从业10年
珠宝科普、鉴赏，一看就懂
只讲真话，让你爱珠宝不踩坑",
MS4wLjABAAAAsgrgNnANpweibbuaupZRIlgBJpASiqRAB48HtfiNuGHKcWXacr9KvSv-JWpJ9KrC,老李聊天下,15154,1万-10万,泛知识/科普,初筛排除-泛知识/科普-无非洲/商业信号,"关注老李不迷路，老李带你上高速
🔍“通辽老李”每天中午12点，不见不散
分享实时国际热点，讲解历史典故，传播文化知识！！！",
MS4wLjABAAAAXiuZNQMJyJHaKRPsRSxEJ7_C7n3OIauLtYugML2Y7ik,凤凰网财经,1471603,100万+,新闻媒体,初筛排除-新闻媒体-内容方向不相关,有态度的财经媒体,
MS4wLjABAAAAkEiLwo_S5lIO05FBuvpMIbCKixCS-5fO-TBrCEDc0agI41jQ6Qp3QSiAkb3e-Nwn,国际商务会客厅,102,<1000,新闻媒体,初筛排除-新闻媒体-内容方向不相关,国际商务会客厅，由商务部国际商报社、中国国际贸易学会、中国世界贸易组织研究会共同指导运营。该平台致力于打造中国与世界重要的商务枢纽，为贸易、外资和外经领域提供全方位的一站式商务服务。,
MS4wLjABAAAA0re_mHoW4MI3x6XJ7S-L_xcJyN7u7ORuNX82WyzbFe0,Chengdu Plus,93349,1万-10万,新闻媒体,初筛排除-新闻媒体-内容方向不相关,"Chengdu Plus, Your Gateway to the City!
汇聚高品质的中英双语纪录片
最潮流、最国际化的英文短视频
观看完整视频和更多信息
关注小🍠、wb、wx: Chengdu Plus
YouTube
Twitter
Ins
Facebook",
MS4wLjABAAAAl6JYmBWwiAwBFL_0NeoxwIjLD43oCae8gi0jeh3xRVVVHP5TPEQ2Zhut8OFZ2BSk,大象新闻,37082864,100万+,新闻媒体,初筛排除-新闻媒体-内容方向不相关,"怀抱梦想 脚踏实地！求助报料：0371-65888888
拍客投稿，请发送至daxiangbaoliao@163.com
求助帮忙请关注后私信（时间+地点+人物+事件+联系方式）
合作 🛰：DAXIANGMCN",
MS4wLjABAAAAAtO6YwN1ZmObl7Y2khLi2uIycMGRyoK2QQYvvPfS4aqkXJutCkMRjWP7v15LGPWQ,敬大宝,2961012,100万+,旅行/探险,初筛排除-旅行/探险-无非洲/商业信号,"跳脱舒适区，做一回白日梦想家🏃🏻
音乐老师辞职旅行，带你看世界🌎
非必要不坐飞机，拒绝走马观花🚗
现行走于印度
本人：jingdabao028
商务/星途：SHYP9606
日常分身：@敬大宝日常生活",
MS4wLjABAAAAxV9kXwj2LJWsoeReUmAIp3rBGouHgxHbntumEvH7BKE,跟着飞烟去旅行,22299,1万-10万,旅行/探险,初筛排除-旅行/探险-无非洲/商业信号,"✈️资深旅行爱好者，自由行去过144国
🧗‍♂️国家一级运动员，喜爱荒野，登顶过8163米的雪山
💦200+瓶的潜水员、不务正业的导游
🌐世界这么大，一起去看看",
MS4wLjABAAAARfcy-lbOWsB2FlF9X48ah-FaD1HB14rcHB5VVBpPZHyIXYvUP13hDapnVOySy803,行者,816954,10万-100万,泛知识/科普,初筛排除-泛知识/科普-无非洲/商业信号,"人文风情，国家地理！🌏
奇闻异事，旅行风光！❤
一个不太正经的博主！🙋
喜欢的点个关注听个乐呵➕",
MS4wLjABAAAAvsnv1yhDlQKYu2NiWI-BZeLD2z95yKSRlEktoT6oUkY,生活帮,12899314,100万+,新闻媒体,初筛排除-新闻媒体-内容方向不相关,"有事您说话，热心生活帮！
24小时新闻热线0531-96005900
新闻爆料箱：
shenghuobang@163.com",
MS4wLjABAAAA5D5U8NuU-wPJ0i_3IPy-LD5OUGyg8-ueqhwh-ZjBQu35fnd2wRBjiXtAxFqIQ5Tx,方探长的旅行生活,2273,1000-1万,旅行/探险,初筛排除-旅行/探险-无非洲/商业信号,"@行走方探长官方授权账号✅
我们官方旗舰店发货，正品保证✅
我们的宗旨:传递快乐🎉传递开心🥳
我们需要的兄弟们橱窗可自行下单🛒",
MS4wLjABAAAAhR4pPdrjUx-dvycZB41zXOZAni3RLUjNH1alUC8My3c,6频道地瓜视频,2672281,100万+,新闻媒体,初筛排除-新闻媒体-内容方向不相关,这个是我的同事@1818黄金眼,
MS4wLjABAAAAnr1YgH_F9BvyUv-FlPO4v0P4asIsaCslx-ID0gcS_so,大象航空港,249622,10万-100万,新闻媒体,初筛排除-新闻媒体-内容方向不相关,秉持正义 恪守真实 关切民生 讲好郑州航空港好故事,
MS4wLjABAAAAcPhqbdsJ3g2tMLsYMZtwQkmFPHvfJQHvFbGbjg4TAFU,敬大宝远行,40690,1万-10万,旅行/探险,初筛排除-旅行/探险-无非洲/商业信号,"@敬大宝 走过的路，都藏在这里
下方橱窗有直播间同款好物
音乐老师辞职旅行，带你一起看世界
@敬大宝 现行走于印度，谢谢您的陪伴",
MS4wLjABAAAApPsjMdiky1DyKlVmT0cm1L5-CSPAiPWFM6lwnlhhf54,方探长环球世界,17153,1万-10万,旅行/探险,初筛排除-旅行/探险-无非洲/商业信号,"@行走方探长 官方MCN授权账号✅
我们官方旗舰店发货，正品保证✅
我们的宗旨:传递快乐传递生活🥳
哥哥姐姐们需要的橱窗可自行下单🛒",
MS4wLjABAAAAgK2lcq4ABcoxN3wGao0p7yvh7vjZUjv_35I2umOBO9xEBQT7sSWiUgvaqpX5YrYs,花卷爱探索,150714,10万-100万,泛知识/科普,初筛排除-泛知识/科普-无非洲/商业信号,每天定时更新有趣的冷知识，爱探索更爱你们,
MS4wLjABAAAAN6Ttgj73w4cyxyS5RWPA9WaqjDGqCXTXTE3TcVIp3Ck,大涛的航海日志,14614,1万-10万,旅行/探险,初筛排除-旅行/探险-无非洲/商业信号,"⚓ 国际海员 | 远洋大管轮 | 环球航海
🌍  航行3000天，足迹覆盖超20国港口 
📸 无滤镜记录船员的热血生活
👉 关注我，带你走进航海人的真实世界!",
MS4wLjABAAAAkjfjD2kWjcxZjiia_8G_LtI4bz2Q2Pkwq159Xv3BbW1kflXAGTtICYbIJB9fHIOJ,李忆探险记录,5497,1000-1万,旅行/探险,初筛排除-旅行/探险-无非洲/商业信号,"忆家人官方授权账号@李忆（探险家）
每天分享李忆探险精彩故事花絮和直播
产品有任何售后问题联系@忆家人小助理
为你全程保驾护航
视频挂车所有产品都是李忆专属推荐
有需要可以放心下单",
MS4wLjABAAAALgSr1LeyUoir-MyNS-p2dayrZw7kqJvcg1WYjBlxG9RwH44nsRMU47tJsQZJjewB,旅行家青云,68615,1万-10万,旅行/探险,初筛排除-旅行/探险-无非洲/商业信号,虽然我无法用华丽的辞藻写就一篇美文，但我对历史却怀有澎湃的热忱。因此，我选择实地踏访，用脚步丈量中华大地的千年历史遗迹。,
MS4wLjABAAAAVKUPZ-3s6GYXioIBSDfwqVQzZrHzaDpL0XYnR0lZws4,独秀怀宁,53697,1万-10万,新闻媒体,初筛排除-新闻媒体-内容方向不相关,"怀宁县融媒体中心（怀宁县广播电视台）
   分享新闻、服务、咨询类信息。
       感谢大家的支持与关注❤️",
MS4wLjABAAAApz3JEvVehqm69G5d7MHIOe4XpT27SCxAPPwrJhgrNQc2ipVR2o45J5tMUtnqc6Av,地理热叭,2142854,100万+,泛知识/科普,初筛排除-泛知识/科普-无非洲/商业信号,3D地图讲解登山、徒步、探险。,
MS4wLjABAAAA7njQCrjNQo2g63N3skD5urKyFFa4KoGlSivaSs-WSd4,纳兰圆圆,123873,10万-100万,旅行/探险,初筛排除-旅行/探险-无非洲/商业信号,"耀阳与纳兰旅程中的生活
探险探秘视频看@耀阳环游记 
分享我们在旅途中的美好
分享各国的文化与美食
商务：zhangyaoyang1104",
MS4wLjABAAAAcgyiCvrHO3I2LZaygtnRjkG1I8yqxiCKMKsob2JqnV0,兵鉴荟,8207074,100万+,新闻媒体,初筛排除-新闻媒体-内容方向不相关,纵观天下，洞察环球；新基地@兵鉴·一凡 @兵鉴堂艺雯,
MS4wLjABAAAATccCdGB7jDJVCRII13ia6KCAKkVfG_wd_xZjQOBqTJ0sR9l_eeSTzsQ0x6irIKTJ,影谈新声,323453,10万-100万,影视娱乐,初筛排除-影视娱乐-内容方向不相关,"感谢关注，承蒙厚爱
用心讲述每一部作品
坚持原创，感谢抖音平台
本解说100%原创，抄袭搬运必究",
MS4wLjABAAAAQkTLDFTQpREqJ30rIziNDuxszoA-Dc2Ealdom10EqgA0kHZZLd19bEGX4AH1ehJm,钟爷剧场,2118892,100万+,影视娱乐,初筛排除-影视娱乐-内容方向不相关,您的点赞和关注是我们创作的最大动力！,
MS4wLjABAAAAzdSm_mYQPWsKuSOunB_Rz5J_cB1omtjPZhZf_5UsbAaSJT23XwLNoRHjcfW6HASR,小杜环球摩旅,4308,1000-1万,旅行/探险,初筛排除-旅行/探险-无非洲/商业信号,"TOYOTA LC78 + YAMAHA T700
@小杜环球探险",
MS4wLjABAAAANmtIwy5zI_tVlmTTZTPQfLOCFAvY1gF_MrTW-Q1ROYP0tWaYiLdZ64_JUofqubMC,海空视界,2736636,100万+,军事/时政,初筛排除-军事/时政-无非洲/商业信号,"聚焦国际时事前沿，点评全球军武潮流
感谢关注✅",
MS4wLjABAAAAyAb4xI3I3dYtkgevWO7lHqqiKrPm96sT7M2W-EyAbU0,国际在线,2529936,100万+,新闻媒体,初筛排除-新闻媒体-内容方向不相关,"读懂国际 点赞中国
国广国际在线网络（北京）有限公司
官方商务合作或新闻投稿📮online@cri.cn",
MS4wLjABAAAA9IhNkTSu-CMsm7-6cy_R0PEQ4fXpy21Oj9FWsHOnKw_JohhQlUVGm_WboCMSCyMy,星尘简史,400531,10万-100万,泛知识/科普,初筛排除-泛知识/科普-无非洲/商业信号,"🌎 用地图带你看懂世界！ 
📌 每天解锁一个地理/历史/文化冷知识 
🗺️ 可视化讲解，让知识变得有趣 
👍 点个关注，一起涨姿势！",
MS4wLjABAAAAhiIKsBbZZkf12JJoUwZkb0ONt1JAg1c3__ml7P7gkFI,云期研选-期报,42237,1万-10万,新闻媒体,初筛排除-新闻媒体-内容方向不相关,,
MS4wLjABAAAA4-5Nch__7L1hLNgBszpXL_Va8w8OwF-zUkR6QV1qZ6QibgAwv6MIF6wm8yo-sYtQ,李忆探险纪录,991,<1000,旅行/探险,初筛排除-旅行/探险-无非洲/商业信号,忆家人官方授权账号@李忆（探险家） 每天分享李忆探险精彩故事花絮和直播产品有任何售后问题联系@忆家人小助理 为你全程保驾护航视频挂车所有产品都是李忆专属推荐，有需要可以放心下单,
MS4wLjABAAAAsUyoMln3kedcDHtkTNgLLVc7jyefZQSC-gmsH50ZBbzKQCn9yWo04TuCqr2Iz5Zl,TechScopeLab-科境坊,115978,10万-100万,体育/游戏,初筛排除-体育/游戏-内容方向不相关,一个视频为你解析市场最火热点的投资逻辑,
MS4wLjABAAAARF97L0df1mhKcyF3CPITcxtkTI6_-M6SvkoGVzDrwlE,财富故事会,6065,1000-1万,军事/时政,初筛排除-军事/时政-无非洲/商业信号,"🌍 洞见全球风云，解码财富密码！
🔥 在这里，我们不讲枯燥理论，只说生动的“财富故事”！
🔍 深度剖析：国际政经大事 | 地缘格局变动 | 市场趋势脉动
💡 故事化解读：复杂局势如何影响你的钱袋子？未来机遇藏在哪里？
📈 用专业视角，带你看懂世界运行的底层逻辑，把握时代赋予的财富机遇！",
MS4wLjABAAAAoYfSy7_Y5duCAGwiwCFtHm7Kn9tR9yRhKEKHQ43mH70rrLH4ihddLsfYadP9MH8H,李忆探险-闯世界,36416,1万-10万,旅行/探险,初筛排除-旅行/探险-无非洲/商业信号,"忆家人官方授权账号
直播账号@李忆（探险家）
每天分享李忆探险精彩故事花絮和直播
视频挂车所有产品都是李忆专属推荐，有需要可以放心下单",
MS4wLjABAAAAWOdulBepRbkrorD0zp93VzmAehbW3jmnXnIw0WUmrV4Tz2lRmu4smbr95lpfzVwY,环球时政观察,8419,1000-1万,军事/时政,初筛排除-军事/时政-无非洲/商业信号,在宁静中筹划突袭，寂静中战术思考,
MS4wLjABAAAACIr-nyCKhMt-Wjg_7VTnnhWPKR9wpGjjZdesz-c_S8qMtBahNeQ5ZYFlLMjtPe9o,海员气象,8668,1000-1万,军事/时政,初筛排除-军事/时政-无非洲/商业信号,海洋、航运业、国际时政新闻评论,
MS4wLjABAAAAMikv7vK1To8y2z4N1IxPCo6dx35WgdgbujJdeMhJ1bk,中华网,491651,10万-100万,新闻媒体,初筛排除-新闻媒体-内容方向不相关,"弘扬中华文化，共创全球华人精神家园，促进国际文明交流互鉴。
关注➕点赞➕评论",
MS4wLjABAAAAvbvsDyyocvZuXn2i5wdvPnasKPTcvptZsJjIrdRo78M,真知见,1223890,100万+,军事/时政,初筛排除-军事/时政-无非洲/商业信号,网络舆情引导专家，国际问题评论员，军事理论副教授，以独特的视角，给大家分享我的真知灼见！,
MS4wLjABAAAACUW_U_B3DueH2YDxuCkR1A0YViYSfQmGMxlcB3L41rQ,谈锋评论,433853,10万-100万,军事/时政,初筛排除-军事/时政-无非洲/商业信号,"时政评论员—有理有据有观点
坚定支持中医、武术、家谱等传统文化。
珠三角粉丝请进“珠三角”群",
MS4wLjABAAAAQJqFtNalEChP8KqNgSnRe44WdI6mP0inu8NtEb_Y3YQfqrP8UlgUoB8Lh9xEwig8,彪哥怀旧剧场,17038,1万-10万,影视娱乐,初筛排除-影视娱乐-内容方向不相关,"每日更新经典老剧、搞笑名场面
 奥德彪系列持续更新中
重温回忆，快乐不停
素材来源于网络，都会进行再次创作，如有侵权，联系删除",
MS4wLjABAAAAYVIRHbNLb6mc5rKekM-dA0RofR6dzhAbU0Zu73RQnl0,灯塔影视,470445,10万-100万,影视娱乐,初筛排除-影视娱乐-内容方向不相关,"原创解说  影视爱好者
感谢关注
你的每一次鼓励都是我前进的动力",
MS4wLjABAAAAH0p6PE_7pixlqgpRLwO2Eo8JZWXS4zdKUW9_qWCVMd0Xn3SESzdjnmayc4Ff-hQR,邵永灵,2162772,100万+,军事/时政,初筛排除-军事/时政-无非洲/商业信号,国际关系领域学者，研究代表作：《核武器时代的战争》、《战争与大国崛起》、《战争的句号》、《海洋战国策》、《导弹与现代战争》等。央视、央广等中央级媒体特约评论员,
MS4wLjABAAAAteUh8-zUUlVrb-wVqKsCs_CF_dxtB84UxYqa2aWQRl0,非洲漂,3975,1000-1万,旅行/探险,初筛排除-旅行/探险-仅非洲无商业,"一个人的旅行:一个相机📷,一个背包🎒,一个行李🧳,一份奔赴山河的勇气❤️,喜欢非洲,记录非洲🌍,分享真实生活🤲",
MS4wLjABAAAA-unxvsFYDvd0C2oo7ZPVIK5-ObxbzaF2QhKoUt_oBBoWL7fZjiL3fNRh_vq10i1A,带你看世界,12098,1万-10万,泛知识/科普,初筛排除-泛知识/科普-无非洲/商业信号,带你看世界，每天了解一个国家：人文风情、国家地理、奇闻异事、旅行风光，喜欢的点个关注！,
MS4wLjABAAAAtlOjDC0BtpawDAI4enf2WKQIr2sm_EsHggmy2iNFyB1_ZyR0U4_SgBNCdnY6uUvi,老广的味道,1946695,100万+,新闻媒体,初筛排除-新闻媒体-内容方向不相关,大型美食纪录片系列《老广的味道》上山下海，探索南粤大地深藏的最高食鲜；味蕾冒险，展现岭南就地取材的生存智慧；原声原味，搜寻天地间的自然之味。,
MS4wLjABAAAAjgLqdjiO-ZrPyXeH3YnjIzExJnOzuy8cAzF2TE3R1ww,动静新闻,11391807,100万+,新闻媒体,初筛排除-新闻媒体-内容方向不相关,"真实记录我们生活的这个时代…
联系投稿可加VX:balsamico3",
MS4wLjABAAAAWPgLbKvCyXTypjGfyQzoTcHQEB9N2Ui66QU-je-brJ4,@龙燊,2909,1000-1万,体育/游戏,初筛排除-体育/游戏-内容方向不相关,"常驻非洲坦桑尼亚
南国利剑特种部队退役
世界三大帆船赛事赛队队长
大湾区（香港）船务有限公司
深圳俊卿翻译有限公司",
MS4wLjABAAAAevOO-jC5xyWDR_LIYWf-M47eByfANbl2cFZDjZ1wiPM,是VT喂,34123,1万-10万,影视娱乐,初筛排除-影视娱乐-内容方向不相关,"主观解说 欢迎来玩
下架的视频B站相见
我真的不是yxh！！！！！！谁家yxh月更啊！！！",
MS4wLjABAAAAbeEviBImbVzoCY0_H1xzIGwYWteVxDA9dO2npsTNRSE,非洲探索发现之美,111648,10万-100万,旅行/探险,初筛排除-旅行/探险-仅非洲无商业,环游世界,
MS4wLjABAAAAZz6z3On_tUAFrqYe2XHnh6c34v7XYAkXn1Te8WmIEVGOHqOZV6ml2CwBCZW7Sb12,阿七（背包环游世界）,33902,1万-10万,旅行/探险,初筛排除-旅行/探险-仅非洲无商业,"很感谢得到大家的关注
寒冬过去 春暖花开 我会再去伊朗寻找视频里的朋友 到时候再给大家分享后续
目前在非洲旅行",
MS4wLjABAAAARw7KeVTJHsIIc5hoeiqFlLJE1QMl496SxLG4vQWiuts,陈Cindy,635866,10万-100万,旅行/探险,初筛排除-旅行/探险-无非洲/商业信号,"🇮🇳印度留学已毕业
🇦🇪目前迪拜工作
🌍环球旅居分享攻略",
MS4wLjABAAAAYLQN3ueJQm6GsDC06h95Ju1VFybLPxRE3oFS-BJw1Do,贝塔去旅行,119959,10万-100万,旅行/探险,初筛排除-旅行/探险-无非洲/商业信号,"独自环球旅行
找到我🌍beita797",
MS4wLjABAAAApWRJBroHE1dlx4gFZu9AG95aosfWnkbjBGpS9gx8pds,非洲正伟,455742,10万-100万,旅行/探险,初筛排除-旅行/探险-仅非洲无商业,"世界那么大 一起闯闯吧
非洲旅游：FZXW_5",
MS4wLjABAAAAP1TsIsYziATpxpDuHeT04Ql60La1w_dbaiRorfNRSIYNeKz45lsIpP7H3KJpmew6,盘腿看世界,41585,1万-10万,泛知识/科普,初筛排除-泛知识/科普-无非洲/商业信号,足不出户，解锁全球 200 + 国家的故事✨ 深挖各国人文历史、风土人情、奇闻趣事，用最通俗的视角，讲透每个国家的底色与烟火。关注我，一起坐着看遍世间万象，读懂整个地球🌍,
MS4wLjABAAAACCedufdGoXq9GEcKGGH_MRlcsafop0r9ioEeChMrLjo,新闻快车,13079443,100万+,新闻媒体,初筛排除-新闻媒体-内容方向不相关,"有品、有料，好听、好看。
投稿：thrbgfdyh@163.com
vx：dpzc7065",
MS4wLjABAAAAWSNtKlQDKzYvjbm7_XBmtp3jKnbpZAPeQIco25ulwow,三衢,913040,10万-100万,新闻媒体,初筛排除-新闻媒体-内容方向不相关,热点＋趣事，观三衢，看天下！,
MS4wLjABAAAA6qMmGd3nSefC_x8sYVoV2EqyMsutMKQUMmmnCUXUnr4,将军认知破局,80663,1万-10万,泛知识/科普,初筛排除-泛知识/科普-无非洲/商业信号,"拆解人性｜梳理情绪｜向内成长
人的成长很简单，只需要一个有心的人指导
小号@流量小课堂（流量教学）",
MS4wLjABAAAAHdci_CQLdP01IxN2-gxOKmH_6WL9CIMlOK2I3TwiDQc,大参考,11012038,100万+,新闻媒体,初筛排除-新闻媒体-内容方向不相关,"最深度、最有用、最娱乐、最现场、最有趣尽在大参考！
日常投稿邮箱：hnmsdck@163.com",
MS4wLjABAAAA0-IgCGlhnBEDMeTnEcM5PEvQX7gTdvqII9lwKatv_RU,极目新闻,21649271,100万+,新闻媒体,初筛排除-新闻媒体-内容方向不相关,极目天下，温暖人生,
MS4wLjABAAAAU-KYRv2EqnNGj4l9pQdeLKa-SfcZVd4qH6iUOFGLVFvgftMNTFry9PEvCHRRTTdS,足球研究所⚽️,25979,1万-10万,体育/游戏,初筛排除-体育/游戏-内容方向不相关,"足球⚽️重度患者
讲述足坛传奇故事😺
如有想看的球员故事可私信🫡
大家的点赞➕关注就是博主更新的最大动力💪",
MS4wLjABAAAAfLI_faO4VQwpDN_BR1WTsB8hmGW22HjVlWJsdjuby00,英雄联盟.,86155,1万-10万,体育/游戏,初筛排除-体育/游戏-内容方向不相关,"父母们来都来了麻烦点个关注呗🫶
爱你们🫰",
MS4wLjABAAAAFY0nx_FJsEoNn2J3QGXecthCcoswFfiCWQUPGYfjkkI,@小泽-游戏测试,133975,10万-100万,体育/游戏,初筛排除-体育/游戏-内容方向不相关,"父母们来都来了点个关注呗🫰

商务：wj9907201",
MS4wLjABAAAA-2jQf1YmrriKSn5T5nZHnyOFbh74DxIpJmJDiKlziZo,星君说电影,1000841,100万+,影视娱乐,初筛排除-影视娱乐-内容方向不相关,,
MS4wLjABAAAAmHiepEqqB027O3Ti4BRIPhnVK5cihV_EGoRUQd1ViDe7DKrtxt8VmvoQPs1OoxuM,创业面对面,2086210,100万+,新闻媒体,初筛排除-新闻媒体-内容方向不相关,谢谢你的关注,
MS4wLjABAAAAA7S53EJGmd0pIoFVNjbw1WippGDAQU8HDobKQijVVQA,陈述电影,491680,10万-100万,影视娱乐,初筛排除-影视娱乐-内容方向不相关,没钱配音了 用自己的破嗓子先顶顶 见谅,
MS4wLjABAAAA8EPbgX0bQRPVRorpRAZeJHeE0h256DeBXpvlz9lAsZE,环球网财经,379256,10万-100万,新闻媒体,初筛排除-新闻媒体-内容方向不相关,"欢迎私信投稿📮
时间地点＋人物事件＋联系方式",
MS4wLjABAAAAzrRqzBM_qqg3Q9h-IxA1MQSimf8ZgoLlw7f1r2NIvvo,央视网财经,2401475,100万+,新闻媒体,初筛排除-新闻媒体-内容方向不相关,"📺央视网财经频道官方账号
❤️关注财经、企业、产业发展动态
🤝内容合作：zhanglei7@staff.cntv.cn",
MS4wLjABAAAAU_SYGZm9vvQK9RshaQD2OCMPhdUzHzO37gMYZNY39fo,星辰大海往南非,5830,1000-1万,旅行/探险,初筛排除-旅行/探险-仅非洲无商业,钓鱼，旅游,
MS4wLjABAAAAVykBmcP13f0rijCAdt56KFD1xOpoK4jorFSUjqOWWFM,老李贤谈事,29859,1万-10万,军事/时政,初筛排除-军事/时政-无非洲/商业信号,"【国际热点】 【时政锐评】 【历史军事】
老李官方授权账号
橱窗好物均来自老李直播间正品
切片授权@老六（老李切片授权）
剪辑工具@燃创星球",
MS4wLjABAAAABFDfaiSAtMEZIAXJqpu-kH8FKXA5Qx-Cpiv5trnU5Cq4Klmz3Cz2TvHzQzeYLH24,马栏山新闻,163967,10万-100万,新闻媒体,初筛排除-新闻媒体-内容方向不相关,湖南电台新闻短视频，最新最快最有味！,
MS4wLjABAAAAF9gQEIjfN07ZddfNcA1CTVHVx6TG_SLaK00wJoHK9xKXs681nJ08El7Roxcpv_fd,娱乐八卦菌,1230461,100万+,影视娱乐,初筛排除-影视娱乐-内容方向不相关,这个博主很懒什么都没有留下。！,
MS4wLjABAAAA-zPr5Y9WprzyAL4s4TkVlrlemWlECw7YlJ_ppEPmo6nz7OPA70a5jYcJmWUCiJJ4,时政姐（小号）,5903,1000-1万,军事/时政,初筛排除-军事/时政-无非洲/商业信号,时政姐，一位带你打破固有思维、跳出世俗局限、穿透表象看清本质，看得更远、更透的深度自媒体人。@时政姐 @观潮评,
MS4wLjABAAAAITcV_j3b1YUzWl5QOJ2oi5IdQ0eMFh_Iy2zn57H8gdg,娱乐鸭,2110275,100万+,影视娱乐,初筛排除-影视娱乐-内容方向不相关,"商务合作+xinou631
喜欢剪辑的宝子看过来～简历or作品投递jiandaoshou1688@163.com
如有侵权，请联系删除",
MS4wLjABAAAACemn-iQu0WbZrGV4R6n7Vg95zVCznXXGN4xMA5l6VR7Xb1wUiF3Gr7CmFJDvQ1Yp,省流科普,50445,1万-10万,泛知识/科普,初筛排除-泛知识/科普-无非洲/商业信号,"只讲重点，不讲废话🔥
每天更新，感谢关注😎",
MS4wLjABAAAAEpFYeBm0vjnqeLCFmswckyDyUck03KW6i4JRAjaMkDU,中国网,13694445,100万+,新闻媒体,初筛排除-新闻媒体-内容方向不相关,关注我，总有一些温暖与你不期而遇(✿◡‿◡),
MS4wLjABAAAAxK_Rcc1Hy70pZ-b4hAZnMSEcrru7J2yy2V_zDDXgqzo,司徒小韩环球旅行(在非洲),205088,10万-100万,旅行/探险,初筛排除-旅行/探险-仅非洲无商业,"司徒与小韩|两个真实的人，记录和分享真实的旅行
正在环球旅行第37国:南非🇿🇦
身未动心已远的你，和我们一起走吧
+🛰：han9527666",
MS4wLjABAAAA2uZqdzAiJ2JIJr3cmJG9UlXF2JAtkfSnqKVeyfKqvoP0SHK2Ih4j-cwIolkJUdWX,湖南卫视新闻,370543,10万-100万,新闻媒体,初筛排除-新闻媒体-内容方向不相关,"""湖南卫视新闻""是湖南广播影视集团新闻新媒体官方账号
投稿可发至邮箱：hunanweishixinwen@qq.com",
MS4wLjABAAAAYkKFl5AO0JqdbT5Amnyn3cdrNsDokN7eFyETB_FczVirv_pQ_ALPuCqhyECMh7Fi,军费账本,73,<1000,军事/时政,初筛排除-军事/时政-无非洲/商业信号,"你知道打一场现代战争，够全国小学生吃几年午餐吗？
每天一条，算笔军事账。
订阅我，换个角度看战争。",
MS4wLjABAAAAg-FNvWWqPDHzDcC7zfumsDrlPzyYn9z0co5OUmXSgcM,四川观察,41933425,100万+,新闻媒体,初筛排除-新闻媒体-内容方向不相关,遇见更好的自己,
MS4wLjABAAAAhABcFmzz7Ck7NzRJdtR9I0MA_AhVMnAS_gQ8QZKdH7A,深圳新闻网,919833,10万-100万,新闻媒体,初筛排除-新闻媒体-内容方向不相关,"从这里爱上深圳
报料：关注、私信（注明时间、地点、事件、电联号码）
合作:sznews_dy（注明来意）",
MS4wLjABAAAAySWUAI_1U4_BwW0zEh2hENiOB14oXBtQF9NMGnsnkWk,燥哥躁世界,550172,10万-100万,旅行/探险,初筛排除-旅行/探险-无非洲/商业信号,"未❤：wangke6488（注明来意谢谢）  不定时直播，在北京期间晚8点左右
旅行世界99个国家，就是得燥起来。旅行是生活，愿世界充满爱。
商品橱窗里都是我自己做的东西，放心大胆的拍哈哈哈，绝对靠谱",
MS4wLjABAAAANBMYv8vhNPQ43t9Sjk_4UM7d2NTG2VMLeNzZTGZb142xyxjbODMYDxqdgynd32ir,小旋风环游世界,59623,1万-10万,旅行/探险,初筛排除-旅行/探险-无非洲/商业信号,"17岁浙江大学录取
19岁欧盟全奖
27岁闯荡中东",
MS4wLjABAAAAFthJzyk9zryB3wkyT5zi2le7qrnrXJ8XuOBLKh_rh9y5AVLPitagUlVhgeKLj7qP,解说随行,128791,10万-100万,影视娱乐,初筛排除-影视娱乐-内容方向不相关,"🙏感谢支持感谢关注🌹
原创作品禁止搬运 如有侵权请私信联系
如需要帮助和合作请vx ：L15275994171",
MS4wLjABAAAAq1PmbZdPGZUPOrQ2JqFEM_s0zjyIQMGR9LAGg4sIyD4,法治进行时,7090226,100万+,新闻媒体,初筛排除-新闻媒体-内容方向不相关,"如需投稿
首页搜索“法治投稿平台”
商务合作上星图",
MS4wLjABAAAAUlk_JJYcw09_lIy0QtxqUuED1O8qSKyqdsYQ5bCUiJY,观察者网,8866987,100万+,新闻媒体,初筛排除-新闻媒体-内容方向不相关,中国关怀，全球视野！,
MS4wLjABAAAAyA1rRxBk2-PQb49D5sC_HQG-IvNDD8k309TMI4tQGYw,十月解码,257102,10万-100万,影视娱乐,初筛排除-影视娱乐-内容方向不相关,"不一样的解说
百度带货自然流连续2年榜一
抖音半个月4个号均涨粉10万+
学习/交流：ws2025fdc",
MS4wLjABAAAA5lC5UEcSwlnovdvUTYmOeUd6DdGYPhBwq9kWEuqRn4k,观威海,4488419,100万+,新闻媒体,初筛排除-新闻媒体-内容方向不相关,"美食@食尚真探 文旅@威海跟我玩 @超玩队队碰 
人物@拾光周记 @典型威海 资讯@Hi威海@主持人 刘晶 剧情@嘴替宁宁 @甲乙丙丁N.T.
📩投稿联系：guan_weihai",
MS4wLjABAAAAXGFDr6siVEC1mRsFNRt5ZyKImO4V3tvNJh_WAU_xuW0,杭州网,8555482,100万+,新闻媒体,初筛排除-新闻媒体-内容方向不相关,杭州日报报业集团主办的杭州市新闻门户网站。,
MS4wLjABAAAACnQ0_fAb4PP9dwuF_Aw3v-S6OPQK_pktRzzyYlw09G4,广电鲁中传媒,805284,10万-100万,新闻媒体,初筛排除-新闻媒体-内容方向不相关,,
MS4wLjABAAAAvcQRpzDCiLZzxfmiI6Fy_FeX7krB0Xr3V0hBOHCEAazLVJvIAHX3Jc4l35_Lg3xm,康老师谈国际,389284,10万-100万,军事/时政,初筛排除-军事/时政-无非洲/商业信号,"喜欢分享军事国际时政，
每天为您带来最新国际局势分析
路过的哥哥姐姐们求您给个关注，感谢您🙏",
MS4wLjABAAAAk3h0HcucOd0EELXF6cnyRc8FZBhOXwzQBJ1gV2pSLnbpMCSsLfitq3g7UfmAtvn9,起点新闻,5622665,100万+,新闻媒体,初筛排除-新闻媒体-内容方向不相关,"陕西广电融媒体集团起点中心官方抖音账号
投稿邮箱：qdxw336@163.com（时间+地点+人物+事件+联系电话）",
MS4wLjABAAAACYlBnPi3Yy7yNWX-R6I7XQ3igz2QpXMTDm6eHCIHKF0,红星新闻,28731205,100万+,新闻媒体,初筛排除-新闻媒体-内容方向不相关,"专注原创，提供有价值新闻
记录生活，打捞时代好故事",
MS4wLjABAAAAFDqi2b1CkN5AUftnIWmKZgm8BuaRVNC0TmOYawvk8Pg,🎐灯塔₰Keren,41,<1000,旅行/探险,初筛排除-旅行/探险-无非洲/商业信号,国漫铁杆粉，火影海贼迷，旅游控，爱国青年，政治时事观察者,
MS4wLjABAAAAc-Qy8qzVYVur2_Fqk4lzHPnsXi3H_Zuyu2YfeCrGEwA,科学探密者,483534,10万-100万,泛知识/科普,初筛排除-泛知识/科普-无非洲/商业信号,"探索宇宙万物，分享科学知识！
感谢您的关注！",
MS4wLjABAAAAQrtldv1dmNKUn2LKuWkMmkUbN4Ovo2oJv6XhB_bkZZOdsplbF8RJn8F4EqT0911Y,南方周末,555864,10万-100万,新闻媒体,初筛排除-新闻媒体-内容方向不相关,在这里，读懂中国。,
MS4wLjABAAAA5_A3mxk68zZRvRk_Qh8GuB7LUlnGWzLp51j2rGrz-bs,韦星辰｜旅行版,4684,1000-1万,旅行/探险,初筛排除-旅行/探险-无非洲/商业信号,"从上海出发看世界🌴
周末「全国逛吃」，假期「海外旅行」
小众路线｜避坑干货｜美食逛吃",
MS4wLjABAAAAc1jUPhw6y3WGe66aWSj1KFgSKPpcZS1QPtUiggI06bc,马胡赛看世界,201442,10万-100万,旅行/探险,初筛排除-旅行/探险-无非洲/商业信号,"永远热爱生活📍永远热泪盈眶❣️
但行好事莫问前程 💌 
环球旅行🧳，@胡赛嘎嘎🌐",
MS4wLjABAAAALTRWIOUgsXZt-EDC7MZMb4aU6VWevMU5rYZpan1L0cwjrzSKjnTXuxCQsVwyFThI,熙狗Game,531425,10万-100万,旅行/探险,初筛排除-旅行/探险-无非洲/商业信号,"祖国繁荣昌盛！先辈们万古永存！
旅行日常:@熙狗Go",
MS4wLjABAAAAPjnv1Wf9ntoOmZO7045iW37RGk7DPW3J1ekAU1IecyjrpAmg3O3O8q2e-Yo70KiO,乃至莱在埃及🇪🇬（留学版）,6495,1000-1万,旅行/探险,初筛排除-旅行/探险-仅非洲无商业,"👸04  | 160  |  49   ⭐️ESFJ-A
🍞记录在埃及🇪🇬的留学生活
🧀大家有什么关于来埃及留学或者旅游的问题都可以私信问我哦！
🈴：sqy7️⃣8️⃣0️⃣0️⃣0️⃣（注明来意）",
MS4wLjABAAAAMaVezSUvtnci40tVInaOk0EgpSA5RzpCUYD7y1vFJzE,寻鹿埃及旅游,10494,1万-10万,旅行/探险,初筛排除-旅行/探险-仅非洲无商业,"埃及小马哥
分享埃及旅游攻略
欢迎大家来埃及做客",
MS4wLjABAAAAX_6p2UJulgx9Z69yaTV9FMh2vnc9uy3krfiKO0ggTGM,海绵科普,1103,1000-1万,泛知识/科普,初筛排除-泛知识/科普-无非洲/商业信号,带给你不一样的动画,
MS4wLjABAAAAIXlPs0t6_WRYHgkulETbh908QcW8OyKUvTiemCZgaCQfY2qzjQgktGTjNtuqDqE_,🌠隆睿闯地球🌠,32302,1万-10万,军事/时政,初筛排除-军事/时政-无非洲/商业信号,"2020-2025环游中国🇨🇳已完成✅
环球旅行穿越中东🌇已出发…
因中东战争原因改走亚欧非大环线！
我可以死在远方，但是不能没有去过远方！
最想定居的地方，云南，新疆，海南
雄鹰一样的男人，跟着我，你能去看这个世界！",
MS4wLjABAAAAszMpUacosqRV4YRRGlom8X2KVHVYdSknZklFljeo0URLKZS4NM2MvUJpIfjgNslY,知识科普,34191,1万-10万,泛知识/科普,初筛排除-泛知识/科普-无非洲/商业信号,定时分享各种科普知识❤️,
MS4wLjABAAAApas_QWwnq3wIcdzIBFX6cRoVOBct5Zrqfi9WAghrcfhEpmbaSqYvpA5oF38UDTXU,方探长旅行日记,13057,1万-10万,旅行/探险,初筛排除-旅行/探险-无非洲/商业信号,"@行走方探长  官方授权账号✅
我们官方旗舰店发货，正品保证✅
我们的宗旨:传递快乐传递开心🥳
如果需要的兄弟们橱窗可自行下单🛒",
MS4wLjABAAAAAzLdmFqYfdPrEL0kDrI4sDmfqvJgriZ0VuECG9PK2Ww,无夜探索,467117,10万-100万,泛知识/科普,初筛排除-泛知识/科普-无非洲/商业信号,普罗全球奇闻趣事~,
MS4wLjABAAAAb75a5IQ83h3SKVvJx-6nVdexqraRnBeF_NQMSOYzLMW7os9dp0yFmwCXMmpYPPvu,茄大炮,1195887,100万+,旅行/探险,初筛排除-旅行/探险-无非洲/商业信号,"做人先立品 做事先做人 万事先检己 
烟搭桥，酒铺路，色作乐，财挡灾
80后爱玩雪茄、喝茶、摩托、钓鱼、瓷器、摄影旅行的博主。
我不完美！但是肯定真实！
分享雪茄生活、雪茄知识、男人简单的快乐。
搬砖兄弟：@茄大炮甄选",
MS4wLjABAAAALX1Q6G1GesABZEGjbPwoMuBAq4DU3ALVZWHStwQX7R4,小葵娱乐社,36435,1万-10万,影视娱乐,初筛排除-影视娱乐-内容方向不相关,聚焦生活中的每一个美好瞬间(*σ´∀`)σ,
MS4wLjABAAAAjX7HGhhRMe7ZJrqRxqfEJJocbXDIphilDyB49_da5TDEt-ItKcScQty833pDZUOM,诸葛卡迪（kadikitap）,52076,1万-10万,旅行/探险,初筛排除-旅行/探险-无非洲/商业信号,"只要能看到未来，会有美好的未来
要么读书，要么健身，要么旅游",
MS4wLjABAAAA4dOcxbeMqOZm0xhdxJgGhtTSvM3qlia8Al56b8vhXAI,瞎狐剪辑,2924,1000-1万,影视娱乐,初筛排除-影视娱乐-内容方向不相关,"瞎狐剪辑
特点：瞎剪",
MS4wLjABAAAAVRLVPQmRc8yGDhOoRCF4Kb7M4NnWdUwnJ2-8tuFPiWs,崔哥开饭啦,1365764,100万+,旅行/探险,初筛排除-旅行/探险-无非洲/商业信号,"暂弃铜臭欲  梦想环游世界 
现在入股还算原始股 
商务:chj3682(注明来意)  
日常:@小崔不内耗（日常号）",
MS4wLjABAAAAu0axI1D1wGmV5m4Jli1fCIzseId2xz_WwFbYXlUghBs,探索世界闯天涯,1002844,100万+,泛知识/科普,初筛排除-泛知识/科普-无非洲/商业信号,生活不易要有笑容。探索人文历史，地理百科！每天不定时更新！,
MS4wLjABAAAAU4rQVi6my4U8zb99CC150cEfrkBe0YH58wo9RvWdiOc,M Tours,392841,10万-100万,旅行/探险,初筛排除-旅行/探险-无非洲/商业信号,"有趣的灵魂千篇一律，都喜欢吃和玩！
讲故事：@M仔看世界 旅行吹水 @M仔出品
M-Tours客服：samson_csc
M-Tours客服：Jicky_Cheung_6688
M-Tours客服：FeiTFanXMT",
MS4wLjABAAAAhV8-lz-QOUpkk492RbeuOM4c1ocosD_DPY9IQiE6iQJR7YW87fECiUQk55QhDXHU,央视频,25205346,100万+,新闻媒体,初筛排除-新闻媒体-内容方向不相关,中央广播电视总台央视频官方账号,
MS4wLjABAAAAJ0nP6VF-XtnUkYCTpcNvLRvF_NMMLTOyR9MiksjZEUU,一部好剧,281076,10万-100万,影视娱乐,初筛排除-影视娱乐-内容方向不相关,每天都要笑一笑,
MS4wLjABAAAAu-Sg1zlgU7DVunW88kis7CygQcGSzC3egJ3nM4Vc-Gg,零度时评,3706144,100万+,新闻媒体,初筛排除-新闻媒体-内容方向不相关,零度观时事，锐评见真章。,
MS4wLjABAAAALUSOTUUVkGwUtVLtu19c0mgeplWZ2qZUaklA4oLcolE,龙龟解说,442829,10万-100万,影视娱乐,初筛排除-影视娱乐-内容方向不相关,采了一朵花送给妈妈🌸,
MS4wLjABAAAAOCLpbyt9s82x7vFE_VU42_p-r5XGkG8yB27-i8go74ZZmQScV4owyP6uHuCylYiU,环球地理看世界,159993,10万-100万,泛知识/科普,初筛排除-泛知识/科普-无非洲/商业信号,关注我，分享中国地理知识:-D,
MS4wLjABAAAAQqqIwerd-8-J_-IUcIWPcH-d_ryFvoRGvjTmL4oLFjg,洛阳日报,523838,10万-100万,新闻媒体,初筛排除-新闻媒体-内容方向不相关,凡人民所需者，莫不全力而为。,
MS4wLjABAAAA9_kgV3dLH_Z0qn8O_YbXFdW0uFN4zuMXLYAKPkuedUA,大河报,10652264,100万+,新闻媒体,初筛排除-新闻媒体-内容方向不相关,"河南日报社主管，河南日报报业集团有限公司主办，移动视频化改革后全新升级为大河报·豫视频。一个专业视频聚合分发、提供专属生活服务的综合性视频社交账号。
政务商务合作加v：zzpzqk",
MS4wLjABAAAAfDNfx0NV-4ZfIa6EhpYDvcF66GoNv39OBMW6GVuFsPw,荆州三农,192172,10万-100万,新闻媒体,初筛排除-新闻媒体-内容方向不相关,推广农业服务，乡村美景、乡村旅游、新农村建设、新农人形象展示、公益助农直播等服务。,
MS4wLjABAAAA_rsebM0PA25G4SxOWcSWz7PUnqUCuNjQuJchKErLswEfi3KqE_jfTA6Tk62i8Qxa,走近科学,1324833,100万+,泛知识/科普,初筛排除-泛知识/科普-无非洲/商业信号,"读万卷书，行万里路
探索奥秘，未解之谜
👉感谢关注，每日更新👈
作品搬运必究，侵权追究其法律责任",
MS4wLjABAAAAYXWnoLeMPvaj3qTKq4QZCTd5gmIV2zomkQBVCzm6e8E,丹阳帮,2371759,100万+,新闻媒体,初筛排除-新闻媒体-内容方向不相关,喝曲阿黄酒，品百味人生； 戴丹阳眼镜，看美丽中国。,
MS4wLjABAAAARFsOJdwn90DENR7Bm8dkJY27920Sd9pp2TRcNRa5Wt4,陈柒天,41720,1万-10万,旅行/探险,初筛排除-旅行/探险-无非洲/商业信号,"•｜感恩遇见，全网同名（含油管）
•｜穷游流浪博主｜AIDA自由教练
•｜环球旅行中，25国🇮🇩(🇪🇬教学中)
•｜互联网脚替，带你去看我眼里的世界",
MS4wLjABAAAAjwVweGC6WYMwkDOxMTuHENQvtIsL1yaikl-ABtbVYLmRAJ06AQClTikJ4nnxbDrM,果子,93,<1000,旅行/探险,初筛排除-旅行/探险-仅非洲无商业,展示埃及真实的一面、推广埃及的旅游、中埃友谊的桥梁,
MS4wLjABAAAA8pY7I4sDB2bLDaf6FxJ1pGx10G4qNoGF3C70A1S1qbUQ2Dk-OwYR49Um5S15kZQ0,马佳matta,1921591,100万+,旅行/探险,初筛排除-旅行/探险-无非洲/商业信号,"我来自斯洛伐克🇸🇰欧洲一个小国家
全球🌍旅游小小的gai溜子
INFJ
vx: Mattaxiaozhuli (不是本人）",
MS4wLjABAAAAob3mQQN2jBw0v7t6zfvo5RBzGdWaxQ0xkuz7NT7jQaQ,凌晨三点📷,2674,1000-1万,旅行/探险,初筛排除-旅行/探险-无非洲/商业信号,"📍上海｜Taylor｜C罗｜看世界🌍
🛫Travel | 32国100多城🏔
谢谢关注 来者要惜，去者要放。人生是一场旅行，不是所有的人都去同一个地方。📕5650406882",
MS4wLjABAAAAtq8Re_IkCPBBFn5Vzm6DYaP76CFawIeNpZFAj8dl2xc,阿培游记,310527,10万-100万,旅行/探险,初筛排除-旅行/探险-无非洲/商业信号,"环球27/100国，下方橱窗都是用过的外国好东西，欢迎下单挣点路费
V：Apei186（是我啊，欢迎加入我的朋友圈）
小号@阿培游记小号 
一个人无团队，更新较慢还请理解",
MS4wLjABAAAA2Q1FHt-o6Q0qTeTaYL49L4FJN3ULw2mqJneGA7U_3JY,莎莎旅行记,222376,10万-100万,旅行/探险,初筛排除-旅行/探险-无非洲/商业信号,"环球自驾旅行博主🌐
走过50+个国家🆒
只爱大连足球❤️",
MS4wLjABAAAAT2vQml9PNSPP9OqWXhj-4WuQYDkamVZT8QaO-faAQkWaFaf4InW6PqkP6S2SIQXC,讨我喜欢,677027,10万-100万,旅行/探险,初筛排除-旅行/探险-无非洲/商业信号,"从旅游博主转型成了猎奇博主，所以旅游问题你就别问我了。
不卖号，不需要搭子，不卖雪茄，不喜欢不讨我喜欢的人😉
小号@讨喜环球 发点有意思的短视频",
MS4wLjABAAAAS7hm6jtlJZMAUBAcIoOJPz9RWXeY_ezZxmfIiLT2BiQKr5bwJQjZ-YgrS9N5WDFy,OK哥环球探海记,7372122,100万+,旅行/探险,初筛排除-旅行/探险-仅非洲无商业,"全网首个“探索全球海岛”的旅行博主
2021年07月07日开始我的环球之旅
荒岛探索：露营、赶海、渔猎、潜水、海钓、海鲜盲盒（抓啥吃啥）
已经打卡～土耳其、北塞浦路斯、埃及、坦桑尼亚、阿曼、马尔代夫、印度尼西亚、斐济、汤加、瓦努阿图、印尼·巴布亚、马代·居民岛、沙特阿拉伯、巴厘岛、李王岛、Oman自驾、毛里求斯、马达加斯加、科摩罗、瓦努阿图（荒岛版）、所罗门群岛、摩洛哥/埃及红海/佛得角/阿联酋
正在进行～马西拉岛",
MS4wLjABAAAAgTzQT_NSO3xlWtoYchuBE0laQRyssk6QHKnwuANNFvGNcxd18auxBj_kXRt7gH3b,潮汕王永龙530农场,19064,1万-10万,旅行/探险,初筛排除-旅行/探险-无非洲/商业信号,"喜欢旅行（徒步、骑行、自驾、背包）
搭子@530农场王永龙 
国内除了台湾其他省已走遍，国外30+",
MS4wLjABAAAAyWsqthO409ne6ZpBzXnzQi2C5OnLk-fi-yKCZmLiYC8,唐伯唬,196653,10万-100万,旅行/探险,初筛排除-旅行/探险-无非洲/商业信号,"热爱旅游
分享旅途中的美食美景及趣闻
想一起玩进我主页粉丝群",
MS4wLjABAAAAvTqMO7I3Z_0snY1BU6huWa-Wn2ACCXgeIKo9QzP5SVs,苏菲的野生旅行,463506,10万-100万,旅行/探险,初筛排除-旅行/探险-无非洲/商业信号,"•欢迎观看我的旅行日记
•室内设计师| infp |天蝎|水肺潜水长 |ssi二级自由潜水员 |环球旅行 | 朋友圈：@薛妞妞 
商务：xueniu1【备注来意】",
MS4wLjABAAAAoGyIS1AUQ7YpDkLTpJpavRaitzrTk_P2YOJafB2nbPw,路遥环球旅行摄影,1383,1000-1万,旅行/探险,初筛排除-旅行/探险-无非洲/商业信号,"这里是一个摄影师环球旅行的故事，欢迎关注。
2021《城视中国》个人摄影展，北京角楼图书馆。
2023《在路上》个人摄影展，郑州M21艺术画廊。
日常@戴帽子的那个路遥 健身@路遥爱健身",
MS4wLjABAAAAENVsEC_UMhVpsLZXsStgX_Y93iZVXy-mhga6lWgIbd8,力源讲文旅故事,4459,1000-1万,旅行/探险,初筛排除-旅行/探险-无非洲/商业信号,一生致力于文旅行业。与您分享行业资讯，陪您游览祖国河山。（拒绝私聊）,
MS4wLjABAAAAuySQP9G5ACH1pEGL8muhFlovXVES0JoW5rUSbdkTh2E,胆小鬼朵儿,1422,1000-1万,旅行/探险,初筛排除-旅行/探险-无非洲/商业信号,爱旅行爱美食！,
MS4wLjABAAAAmG4AwXOk3pKxDiPoI9ictCAoxS3IcRkSujsthbLNhsgz7Z7wib_p07osij5qWIIl,万象科普,32770,1万-10万,泛知识/科普,初筛排除-泛知识/科普-无非洲/商业信号,,
MS4wLjABAAAAOvIMaWuTImepOQrOWa4YpmaXCp6_kADItt_s8Bd-wl0,Claire的旅行日记,1196,1000-1万,旅行/探险,初筛排除-旅行/探险-无非洲/商业信号,"世界这么大，我想带着你的眼睛去看看！
一直在路上，旅行是我生活的解药！
热爱大自然，喜欢分享旅行趣事，爱做旅行攻略。喜欢就关注我吧！",
MS4wLjABAAAA66P7Zx1vQC76k1wWbYYvW6Lva0DZxnqDn-OW1zxSG3c,扶光,109190,10万-100万,旅行/探险,初筛排除-旅行/探险-无非洲/商业信号,持续旅行 11 年了，随手记录下就这样吧。,
MS4wLjABAAAAfaBTieolPoZmBhUEC7wX11oDywLzIBkEP_1vivjLihIOLbtsV9L4VW0Vbqp9JACk,爱玩的peri啊,478,<1000,旅行/探险,初筛排除-旅行/探险-无非洲/商业信号,"爱财爱己 风生水起
理想型：@Peri 
环球旅行计划中
已✈️🇨🇭🇯🇵🇫🇷🇮🇹🇦🇹🇱🇮🇪🇬🇰🇷🇲🇾🇸🇬🇹🇭🇩🇪",
MS4wLjABAAAApfAn6l-Q_BrUZY7ZA9th5TVjhdeKi7g6ZWKc3CdfkeA,鹿台,12583,1万-10万,旅行/探险,初筛排除-旅行/探险-无非洲/商业信号,"cos/旅行/生活 ，都是热爱𓆩♡𓆪，在角色与风景之间
收集世间所有温柔
【婉拒to",
MS4wLjABAAAAqX_oylkpQardDH2ghlYZF2XYUX0-ss5z1sfzzDbFUxO-6UCgKLX86gpSvBATojhE,嘿嘿想要环游世界,145,<1000,旅行/探险,初筛排除-旅行/探险-无非洲/商业信号,"细节控旅游小达人，超会做攻略的自助游重度爱好者。
分享一切旅途遇见的美好，对踩坑说no！",
MS4wLjABAAAAB_FOThxVW3TFvwYYHO7K-xrwLmylM6Xg6XLmPHDkDhA,埃及大勇（旅游+商务）,805,<1000,泛知识/科普,初筛排除-泛知识/科普-仅非洲无商业,嗨，大家好，我是埃及大勇，在埃及生活十六年，这里是你了解埃及奇闻逸事的最佳频道，关注我，每周为大家分享我的各种奇幻的亲身经历。精彩不要错过哦！,
MS4wLjABAAAAhN3sbsXUeva8FPwFupa8pA_o1b08DqvLknuQKFnaKIk,行游大施,4556,1000-1万,旅行/探险,初筛排除-旅行/探险-无非洲/商业信号,在国外买了辆二手车，正在环球旅行,
MS4wLjABAAAAcCvXyKrTANwHN9DMKBH7UabC7bHtmDjchF7ua6Y9psc,吴国富（越南版,3018,1000-1万,旅行/探险,初筛排除-旅行/探险-无非洲/商业信号,"拍照/旅行
筹划更多环球旅行中",
MS4wLjABAAAAEzLJ353ujh9ks8xiHd_MpfzU-JgMXcX3KUK99rXH7VvUi9Oufwdy7SEAyXjzCo8q,林子丰,5569,1000-1万,旅行/探险,初筛排除-旅行/探险-无非洲/商业信号,"环球旅行
记录有趣瞬间",
MS4wLjABAAAATANe4oM5cIi4AKiHtUxKaymN3AayeEg7N7gs2E1gqaY,科普知识,1642,1000-1万,泛知识/科普,初筛排除-泛知识/科普-无非洲/商业信号,"喜欢的达人：@泡泡又困了 
喜欢的达人：@蔡萝莉🍒",
MS4wLjABAAAAkDLZSp3wJzRJNTfF-HuALR-VIVtLdU9WM1wWvl6ufho,小达探探路(旅行版),2459,1000-1万,旅行/探险,初筛排除-旅行/探险-无非洲/商业信号,"老登独自探路旅行 持续更新分享攻略
🇺🇸洛圣都硕士 x 🇨🇳帝都本科生
ENTJ 天秤⚖   ☑️关注☑️评论☑️私信",
MS4wLjABAAAALbEYxncl72BY0M7nboupTufpadqHlwgJWLsK4byB831e_f1fjoDImDfMHh11VnkZ,旅行猪猪👸🏻,514,<1000,旅行/探险,初筛排除-旅行/探险-无非洲/商业信号,"Hi，你的旅行猪猪👸🏻在路上…
🗺️🏖️🩷｜🇨🇳🇮🇩🇲🇾🇹🇭🇻🇳🇰🇿🇦🇿🇬🇪🇹🇷🇧🇴🇷🇸🇪🇬（更多国家解锁中🔒）",
MS4wLjABAAAARLV-8W2956xq1j8sz3IwpYvGHGMERe0yxdUTbeEfzn7a9jU_n7peyCztqWrFykrR,痞克,25203,1万-10万,旅行/探险,初筛排除-旅行/探险-无非洲/商业信号,"一名飞了8年的前航司乘务员 
力争做一个“大器晚成的”旅游博主
日本搬砖人：@小邹✈ 
🛰️: zz281017(🌍好物分享)",
MS4wLjABAAAAFSviSWr6UNyQAJc_IJeaH09pWp8k2aqNOXUVjacGIt8,冉阿让让让让让我,61,<1000,旅行/探险,初筛排除-旅行/探险-无非洲/商业信号,爱吃爱旅游,
MS4wLjABAAAA2fvbUNtgKouEcEXBnh4B2xBG9_QUReLTdlIB77efuRuRYRTJbzcctb1ptwbF3LWv,地理百科世界,172309,10万-100万,泛知识/科普,初筛排除-泛知识/科普-无非洲/商业信号,"🌎探索世界的每个角落
🏛️揭示鲜为人知的地理奥秘",
MS4wLjABAAAA2-93mNdvx6czDtirV4Mj2GKurhARYaP68CPjKNPZf7U,姜与云（夫妻接力游世界）,1035,1000-1万,旅行/探险,初筛排除-旅行/探险-仅非洲无商业,"🚩分享中亚/埃及小众旅行攻略｜记录真实旅行故事｜接下来30天埃及深度旅行探索
🚩老姜：“我准备做旅行博主了。”
云：“那我也想出去玩，孩子上学谁带啊？”
老姜：“那咱轮流带孩子，轮流出去玩吧。”
云：“Deal”。@老姜日常号 @云姐Laima日常",
MS4wLjABAAAACwpUwbKco6Jr6JjuLzzfoJXaBULcNQpaSPnj33LZuZc,阿毛谈古今,232519,10万-100万,泛知识/科普,初筛排除-泛知识/科普-无非洲/商业信号,"最近事多，有问题私聊！
用基因的视角讲解一下历史与各民族变迁！
视频所引用数据，图表等等均来自学术期刊论文，科研等专业报告。",
MS4wLjABAAAAn9TbtsQ2fL0-tLGPqDaZMV2RvAYYUUHB43IF4l2DiWg,埃及避雷针,364,<1000,旅行/探险,初筛排除-旅行/探险-仅非洲无商业,"五年全球旅行博主🎒，现旅居埃及🇪🇬
关于埃及的任何问题都可以问我🙋
埃及小众路线🚗 + 不定期带团🚩
带你玩转法老国度📧+yaja776",
MS4wLjABAAAAjqSUp9N3r7pX9GmpCA4aKuKbnT32BpYgAreZnd3z2I_akWw1uU9pxQJYACmBo0fc,佛山新闻,470422,10万-100万,新闻媒体,初筛排除-新闻媒体-内容方向不相关,"新鲜事、暖心事、奇闻趣事
最新资讯，尽在佛山新闻！",
MS4wLjABAAAAZXBpVCyTHwugkwaTST40owO4A-So4h3yR_iuuM1yr4I,宁化县融媒体中心,480901,10万-100万,新闻媒体,初筛排除-新闻媒体-内容方向不相关,本抖音号为宁化县融媒体中心官方认证号 向广大市民征求宁化县域内正能量、有趣、新鲜、突发小视频 投稿热线:6824298 投稿邮箱:nhrmt2020@126.com,
MS4wLjABAAAALY4ncTXQmXkA4RKnrFNnm8Wmugk__iU7J69UmtmQJlU,风口财经,2549627,100万+,新闻媒体,初筛排除-新闻媒体-内容方向不相关,"于风口之上，让机会发生
关注国内国际热点新闻财经资讯！
联系：hrbslb",
MS4wLjABAAAAABzJZEhG2Bl8PrGQBCAIuXpehce-UXrzwlLFkLjiIU0,故事地球,135627,10万-100万,泛知识/科普,初筛排除-泛知识/科普-无非洲/商业信号,科普地理历史，探索精彩世界,
MS4wLjABAAAAPPZr7P9CUtsx_cOc6p0wrzqQ1r_l52tRe1nPmTWNE8ws-Vd2BFAApPw7gUWGjbj0,金融时报,189661,10万-100万,新闻媒体,初筛排除-新闻媒体-内容方向不相关,由金融时报社运营《金融时报》由中国人民银行主管，是中国人民银行、国家金融监督管理总局、国家外汇管理局指定披露重要信息媒体，证券市场信息披露媒体。,
MS4wLjABAAAAfm03gcVMqb817wvo1JJLvScs4mrARD9ACI_FAAKRzXEvRA3CB1pWiSC7TN-ZcMDl,怀化日报,205402,10万-100万,新闻媒体,初筛排除-新闻媒体-内容方向不相关,"怀化新闻，尽在掌握            
欢迎私信投稿
📮1027025363@qq.com",
MS4wLjABAAAA_8ULPzJHATVxRHm_6IujlcAJ-kNyyc3MjqQm3Ru3tSI,许你一生,1272,1000-1万,旅行/探险,初筛排除-旅行/探险-仅非洲无商业,爱生活，懂旅游，10年+ 出境领队经验，熟悉澳新 拉丁美洲，加勒比 南美，东南亚，中东非，西北欧等旅游线路，世界那么大，一起去看看。,
MS4wLjABAAAAVapZXhCcK9AtlY7VA1yydTdYYlIse6R3YLcodkPE6u4,肆陆局-乐呵先生,303,<1000,旅行/探险,初筛排除-旅行/探险-无非洲/商业信号,肆陆局，由三个家庭组成——六位挚友大人，四位相伴成长的孩子。我们爱聚会、爱旅行，既享受精心策划的相聚，更偏爱随性而起、说走就走的自在。以陪伴为初心，以山海为远方，记录友情与亲情同行的每一段温暖时光。,
MS4wLjABAAAAz7xHi6uFJmH-6r1Sx0wk_4yJm6KtdTbaKacgtkb5zSQ,厦门广电,2344989,100万+,新闻媒体,初筛排除-新闻媒体-内容方向不相关,厦门广电带你看厦门！,
MS4wLjABAAAAvbx2YIY7TT51oDPrHxfWXCrn4xXs1-ZKkvq-1ydpUob0LyABDsEghfcAVOVKSbig,蓝战非（环游世界）,40,<1000,旅行/探险,初筛排除-旅行/探险-无非洲/商业信号,"祝大家早安午安晚安
官方授权账号@蓝战非",
MS4wLjABAAAAeIPT7_wy2zqp8XJO33IFNukzE9KNKOK5YTMRARGPPiA,龙哥游天下,15017,1万-10万,旅行/探险,初筛排除-旅行/探险-无非洲/商业信号,✈️把最美的风景带给最可爱的你们 🚗 “永葆熱愛，義無反顧，奔赴山海。” ❤️分享旅行美景|体验超值旅行 ❤️关注我哦，带你看遍美景，带你去常人不能走到的高原雪山。本人长期在外旅游，户外高山徒步，登山等运动。,
MS4wLjABAAAAhMmOYD0JODg_QntlKt9b_y05k0TZiZZeZ26mLO-X_J9u5LjVd_uxz8SAbwbUVbOp,佬周聊咖啡,72,<1000,体育/游戏,初筛排除-体育/游戏-内容方向不相关,"15年咖啡深耕｜实战创业导师
带队斩获国家级、区级赛事大奖
专注咖啡培训｜技能考证｜开店指导
坐标南宁，用心教好每一位咖啡人",
MS4wLjABAAAAcDvLWW_SkvnZ--2L4rCqj1BoSoXxf30heETFuLqurGs,凯叔流浪记,392590,10万-100万,旅行/探险,初筛排除-旅行/探险-无非洲/商业信号,流浪旅行中,
MS4wLjABAAAAKwXDVAbgHZyt2DfTY5pnVdoIu32NwoeCXeSgNR9k6hg,新派观察,7083544,100万+,新闻媒体,初筛排除-新闻媒体-内容方向不相关,"风筝故乡  品质潍坊
🤝商务合作：ytwh1111
新闻投稿：Younglei0302
素材来源网络 如有侵权请后台私信",
MS4wLjABAAAAVe7sHJ-zibugRrSsvClIFLHL8vJFpgJKKTFis7SbpUw,中国日报,31554084,100万+,新闻媒体,初筛排除-新闻媒体-内容方向不相关,全球精彩短视频，就看中国日报！,
MS4wLjABAAAAepyfQEEHOZeV9Mfkz9YR4-gQCETpZZ42slTRcGNC_f4,CGTN,8273582,100万+,新闻媒体,初筛排除-新闻媒体-内容方向不相关,中央广播电视总台CGTN于2016年12月31日开播，是一个多平台的国际传播机构，旨在为全球受众提供准确、及时的信息资讯和丰富的视听服务，促进中国与世界沟通了解，增进中外文化交流与互信合作。,
MS4wLjABAAAAOCbC1Eeb7B_SZ5UNvt1p6fDcPafPcgNe9u4i-dNv0tDuHi-38_8vFjkQAHNpOzGx,小鹏万物,391239,10万-100万,泛知识/科普,初筛排除-泛知识/科普-无非洲/商业信号,"认真科普 偶尔抽象
用心制作承蒙厚爱
感激不尽持续更新中！",
MS4wLjABAAAAomCNtOg5Q01Zj9Z7WskNwfRSmVPDEDHMg22zGiwrSEo,慕容大副,38200,1万-10万,泛知识/科普,初筛排除-泛知识/科普-无非洲/商业信号,未解之谜，神秘故事，非科普，只管扯淡闲聊,
MS4wLjABAAAA-wQ28jCJia4lfUUz2Az1H4ebE4yaI4KGGZkZe3bgTBuXhdUBXW1AsI-95XhgXKiD,小百拾光纪,374151,10万-100万,泛知识/科普,初筛排除-泛知识/科普-无非洲/商业信号,"科普有趣有用有意义的事物
🙏你的每一次互动都是我的动力",
MS4wLjABAAAAnAYMjKY-LLPhhwyMVCNER6Fk0SOBYoml9mZzzHrNfXmf6b7j8Oud94GGefqwu3s1,锦观新闻,524268,10万-100万,新闻媒体,初筛排除-新闻媒体-内容方向不相关,锦观新闻是成都传媒集团成都日报社全力打造的主流新兴媒体。锦观新闻，提供最热点的新闻、最权威的信息、最新锐的观点。在这里，你将直击新闻现场，感受时代脉搏。互联网新闻信息服务许可证：51120180010,
MS4wLjABAAAAX1-HJHtsWkP1VffnWMHcj2KR55GOlvjh5VfgQrREdBc,罐头瓶子在荷兰,11029201,100万+,旅行/探险,初筛排除-旅行/探险-无非洲/商业信号,"大罐头，江苏徐州人，去过世界102个国家，全球旅行户外直播，瑞士，奥地利，挪威，新西兰，阿根廷，秘鲁，冰岛
加拿大，格陵兰，北极看极光，南极看企鹅，七大洲，四大洋
行程八年，所有视频均为本人拍摄，配音，制作，无团队
分享全球好物，带你游览全球美景，感谢您的关注与支持。",
MS4wLjABAAAAHseySiy4X6ueByVMohf3C0pKaJoTtluyT1XI-D0SGbE,爱💖追剧,2987,1000-1万,影视娱乐,初筛排除-影视娱乐-内容方向不相关,"🔥每日一更新，时间不定🔥
🔥看一部视频，体验人生百态🔥
🔥感谢每一位家人的关注和支持谢谢大家🔥",
MS4wLjABAAAAXkRBuSLji6emMtCI-VwjdfC8zj6gqb039YygZPbWBKI,逍遥小魔头,1489207,100万+,旅行/探险,初筛排除-旅行/探险-无非洲/商业信号,"不想当专业旅行博主。佛系拍佛系更新，大家佛系观看。
唯一小号@无忧当朋友圈发着玩",
MS4wLjABAAAAzrJG9tUZvTE62g9c5nQuszeNzd6AaJXG27pAQyobVyE,中国之声,6285292,100万+,新闻媒体,初筛排除-新闻媒体-内容方向不相关,立时代潮头 发时代先声,
MS4wLjABAAAA_XzfAGzw_SppQGC_fG1WyKvMXGs6ejSZs4E8hrhK7O4P4p6eT-vZRRmrvRUkNGdx,胡说吧啦,439090,10万-100万,军事/时政,初筛排除-军事/时政-无非洲/商业信号,军事科普，历史回顾，沙盘推演，战场重现，感谢大家关注！,
MS4wLjABAAAAyOLYGaXzS9gB5xuB1PvMA7k0h0H7nJ9_-QvRIMW2XD7F6fIaeZex-YXt-y97Sg4X,探奇大百科,582687,10万-100万,泛知识/科普,初筛排除-泛知识/科普-无非洲/商业信号,"每日分享百科知识
认真科普 偶尔抽象
承蒙垂爱 持续更新中",
MS4wLjABAAAAScXSeIfGgdMVb3G_0h04Cj2KDH_rWe6qsY0VuxoPTpIb-IMnjND8MOZlQqzonAI5,证券时报,1311043,100万+,新闻媒体,初筛排除-新闻媒体-内容方向不相关,实时报道证券中国,
MS4wLjABAAAAO-W-rkQm_N0kVnIKIF1p-sOGKEUH31MNdfpwjOGGa3U,松鼠影视,160475,10万-100万,影视娱乐,初筛排除-影视娱乐-内容方向不相关,"♥新手上阵，新多多谅解 
♥毛茸茸的解说嘴，带你嗑遍影视圈的甜虐爽
♥蹲好我的更新，下一部好片咱们一起挖
🙏感谢抖音，感谢平台",
MS4wLjABAAAABFVDz0pZbjGVRTYKd5XLxSgUUlzuvencFmWxuqhn1gg,中原网,8868889,100万+,新闻媒体,初筛排除-新闻媒体-内容方向不相关,"立中原 网天下
中原好物看橱窗👇👇👇
支持中国制造 助力中国工厂",
MS4wLjABAAAAKcQNL2JucCbD8J5JDLJPE_BRTWHxMSIS1HqY1byQ5kmVyw774lOfV6i_FUd1ewS4,黑光视介（科普）,358745,10万-100万,泛知识/科普,初筛排除-泛知识/科普-无非洲/商业信号,"每日一更🐒
感谢关注💕",
MS4wLjABAAAA5YOuIxbcnwdN0EvCBe4aXKaVtk8uuGDFnmRQ10LKlZM_J97QjgisFC5ONHVlbJrK,李忆探险日常,46769,1万-10万,旅行/探险,初筛排除-旅行/探险-无非洲/商业信号,"@李忆探险纪录片 官方授权账号
每天分享李忆探险精彩故事花絮和直播
产品有任何售后问题联系@忆家人小助理 为你全程保驾护航
商品橱窗所有产品都是李忆专属推荐，有需要可以放心下单",
MS4wLjABAAAAvPlNcoN8KBBqRPf6v7oqMxdCQndO3P9V7GbLzEQsPV8,今日播报,1316483,100万+,新闻媒体,初筛排除-新闻媒体-内容方向不相关,"今日播报，人人都是新闻主角！
24小时热线：0710-3562222
每晚18:10  抖音同步直播
线索报料:115629152@qq.com（报料视频注明事发时间+地点+事件+联系方式）",
MS4wLjABAAAAwrXf4e00l9jocUbVzFb14kNzf8xTRdj4Ce-N_Z8bG1YEGCiFQ_6pagcgllxtgwbj,昊哥的奇妙探险,172897,10万-100万,旅行/探险,初筛排除-旅行/探险-无非洲/商业信号,"三十岁被大厂裁员一人上路环球旅行🌍
你很有眼光👍关注的是下一个百万粉丝博主
能博你一笑，我很欣慰",
MS4wLjABAAAA8ITxA4pEkk6UBZtLiGkyOp9a4yqCAx_DKlmDCLhdGFE,Nurali旅行🧳,93814,1万-10万,旅行/探险,初筛排除-旅行/探险-无非洲/商业信号,"环球旅行博主
🇨🇳·🇰🇿·🇦🇿·🇬🇪·🇹🇷·🇹🇭·🇱🇦·🇲🇾·🇻🇳·🇪🇬·🇪🇹·🇧🇦·🇲🇪·🇦🇱·🇷🇸·🇳🇵·🇧🇩
带你看不一样的世界
a419528063",
MS4wLjABAAAAQVt30NLrVs0s4Aq9JyjAv9Xrb1pYJUgvzK7IGAjGLNFYZ-3vxGFuQW0f1E_0lWeX,米丝yoyo,555369,10万-100万,旅行/探险,初筛排除-旅行/探险-无非洲/商业信号,"人文猎奇旅行者
旅行的意义是不断发现新的生活方式",
MS4wLjABAAAAlRtPWWzNu7654My28dv4MhZVzQwpaMfZ6FbKllTSN1k,耀阳环球旅行记,11181,1万-10万,旅行/探险,初筛排除-旅行/探险-无非洲/商业信号,,
MS4wLjABAAAAVsu66Udkf7YFgoLD_mtfo7_yQMOSra0UoCWM7RBU9m4,二明的旅行,344836,10万-100万,旅行/探险,初筛排除-旅行/探险-无非洲/商业信号,🤟出发吧少年！,
MS4wLjABAAAAi5nEqQV6hLt4T2sIB2SlO5hooE9Io-u-nhhRmIyAq2HXwLfqMmWBEuQYUltJ8VUb,漫游世界的齐鲁老郑,2089,1000-1万,旅行/探险,初筛排除-旅行/探险-无非洲/商业信号,"热爱生活，喜欢旅游，
记录美景，分享快乐。",
MS4wLjABAAAA7ve7o690Y3HH5yz1kdWCk-MkCrA4I6TV9FpW98-UIvCa-p8sLgDoZv-vYJuZwH5Y,蓝战菲-探索地球,24466,1万-10万,旅行/探险,初筛排除-旅行/探险-无非洲/商业信号,"我可以死在远方，但不能没去过远方！《官方已授权》  
一个穷小子获得了巨额财富全部用于观看这个世界，世界看完，钱没了，穷小子死了，就像没来过一样，但他确实来过@蓝战非
想去新疆→@白昼旅游推荐官",
MS4wLjABAAAAsTpiHO9FZoqkxj1K1NlxhSwvsWcf8GCyhLEAdg0zSjXcaqqIiHKaLdJc06XBje8t,埃塞俄比亚驻华大使馆,3339,1000-1万,新闻媒体,初筛排除-新闻媒体-内容方向不相关,埃塞俄比亚驻华大使馆官方帐号，本平台旨在发布埃塞俄比亚旅游资源与目的地、投资机遇、经贸事务等权威资讯，同时推广埃塞俄比亚咖啡豆、芝麻及其他农产品，并致力于促进埃塞俄比亚与中国的民间人文交流,
MS4wLjABAAAAjWgtpdJbl6Tb5P86sSrNiO1GiK04ywEx24uPdsy-7MEfbeviCC6VqqHc2YQuicsn,人民网福建,2201931,100万+,新闻媒体,初筛排除-新闻媒体-内容方向不相关,"宝~来这就对了！ 
关注我们，资讯不迷路！
有好料，来投稿：fujian@people.cn",
MS4wLjABAAAA2MQL0w1QdD8JmiDYaluKs8NQ07aQqt1EMqofnDouME0,敬大宝环游世界,4971,1000-1万,旅行/探险,初筛排除-旅行/探险-无非洲/商业信号,"朋友：@敬大宝 走过的路，都藏在这里
下方橱窗有直播间同款好物
音乐老师辞职旅行，带你一起看世界朋友：@敬大宝 现行走于印度，谢谢您的陪伴",
MS4wLjABAAAABo4Y0BrMpDmtRSBrFi3fwis9PxF3NBqgRA1QMeQ_-6c,秋老师的地理屋🏠,5311,1000-1万,泛知识/科普,初筛排除-泛知识/科普-无非洲/商业信号,"👩‍🏫一线高中地理教师～
📚分享地理知识，实验+讲题+干货～
🌍希望能遇到同样喜欢地理的你们。",
MS4wLjABAAAAMKduqNNzO1cFOpnWwYQ6GwE3khfqEj9qkH8ZKT1zazI,地球经纬度,7418,1000-1万,泛知识/科普,初筛排除-泛知识/科普-无非洲/商业信号,"不只会看风景，更会讲地理
📍地形｜气候｜人文｜
用最简单的话，讲最硬核的地理知识",
MS4wLjABAAAAw-E1fNzbWJEC5PjuhqVrRGhAeO_lZ0dMCBm4yJVJXhs,蓝蓝蓝蓝战非（环游世界）,121,<1000,旅行/探险,初筛排除-旅行/探险-无非洲/商业信号,"大号@蓝战非 
我可以死在远方，但不能没去过远方
蓝战非的旅行日记✈️",
MS4wLjABAAAAEnVxr6Eq1j-w27oxNOTKXW4uzCYjmSw5QeorMf8aBxs,冲呀花花采访团,18604,1万-10万,新闻媒体,初筛排除-新闻媒体-内容方向不相关,明明可以靠颜值却偏要靠才华。全国人文大报社会政法领域的八名女记者，奋战在新闻一线，吃得起苦，担得起责，更写得了冒露珠的好文章，她们心中仍有梦,
MS4wLjABAAAAXCcFPWSXFwAr1-TqzMCayAaQD1NsLt14vn7zT9mlXDM,湘潭广电,331689,10万-100万,新闻媒体,初筛排除-新闻媒体-内容方向不相关,追踪新热点 传播正能量 视频投稿35224007,
MS4wLjABAAAAoO9pQ-XZDUpXu8LB17Kc7Fsg9BaCoD2wx14Z2p9-bfer2G_JnGoRB-sUrSigliO8,旅行达人 颜红,396,<1000,旅行/探险,初筛排除-旅行/探险-无非洲/商业信号,"环球旅行达人——

关注我 带你看不一样的世界",
MS4wLjABAAAAQPeSeohvKcZjaFKwuo0aePlwZXoW9YMajvYFaXA35tTNUgLqxj89FxYWcZaPy507,新甘肃,438918,10万-100万,新闻媒体,初筛排除-新闻媒体-内容方向不相关,"有温度 有深度 有态度
投稿邮箱：949937558@qq.com",
MS4wLjABAAAAc4XZ2EMkyKHlqjesxJ8E5mwb1jvRkQg1kivz02Y4V3QYr8JF6_6T50sQXGJGDN_F,Dison环球旅行,20225,1万-10万,旅行/探险,初筛排除-旅行/探险-无非洲/商业信号,"Travel around the world
分享/旅行/城市/风景/人文/足球/英语",
MS4wLjABAAAAIfOxXDYIf3-4ItyEoKWZyBA6mAcLepprONC8_Xgzv2T_TVJyC511Z4EgpxEfCwGm,桑田影视,33635,1万-10万,影视娱乐,初筛排除-影视娱乐-内容方向不相关,每天分享一段精彩影视，流金岁月，趣味生活，点赞关注分享##爱好一起观剧##,
MS4wLjABAAAA8NGct00I0iuPHOxWus_msXfnyF2faQUmF0mc_4-JV8LJk73Z60crwNfjnAFa4hvX,经济导报,52852,1万-10万,新闻媒体,初筛排除-新闻媒体-内容方向不相关,"专注经济科技最前沿
山东唯一财经专业媒体。商务合作：jjdb1981@126.com",
MS4wLjABAAAA1F7ZFqhragYhx7MF1FNs3CeCr_xyroPLz-KpdnmdRP_XFjKMiII3ddUAEzuCMWp3,正午的太阳（sun）,524,<1000,旅行/探险,初筛排除-旅行/探险-无非洲/商业信号,喜欢旅游、喝茶，在任何一个季节欣赏盛开的鲜花，与喜欢的人度过每一个白天和黑夜,
MS4wLjABAAAAaVFvYZZTKPYplqc_fCQMtjX5beWexaq9ySMl_06aOxU,新京报,16531503,100万+,新闻媒体,初筛排除-新闻媒体-内容方向不相关,关键时刻还看新京报,
MS4wLjABAAAARzZy5U__0B9MeXucpT9CDegtnG1j5nu6TTdqDUI9EtY,三明市融媒体中心,1169376,100万+,新闻媒体,初筛排除-新闻媒体-内容方向不相关,视听三明，感受精彩,
MS4wLjABAAAAD--koiMclBQBIyUW78846XWikxupUxjQx2CZVa9IjXE,直播鞍山,351700,10万-100万,新闻媒体,初筛排除-新闻媒体-内容方向不相关,鞍山市新闻传媒中心官方抖音号,
MS4wLjABAAAABmSbUaCOIiZMWUaw2DqBuET7LLzfAnsFI7tu_RWjUIo,宁波晚报,2429010,100万+,新闻媒体,初筛排除-新闻媒体-内容方向不相关,"欢迎你的关注
联系 13867871360",
MS4wLjABAAAA8clYJTv8JXa3IZOv82fqquvwBWOkLp-Wsvzh7JorzJ0Qs_0jbgMzhev2hOWtahPY,上海早晨直播间,1828884,100万+,新闻媒体,初筛排除-新闻媒体-内容方向不相关,上了主播台，绝对专业。下了主播台，有笑有泪。 说人话，才是好新闻。,
MS4wLjABAAAAn8tvTQ0rdhV8gqjpEJ6MIi82k1p_IGu3dQZKlJE2wH8,环球时报,12009412,100万+,新闻媒体,初筛排除-新闻媒体-内容方向不相关,由《环球时报》社有限公司运营,
MS4wLjABAAAAbN73Ki0Ed2lY45NmDxPlJJP6AqGOPZSQ1AFnhDqILJE,雨果体育,135088,10万-100万,体育/游戏,初筛排除-体育/游戏-内容方向不相关,"足坛名场面+足球趣闻
体验足球的快乐
代✂️+商务 CY1017070",
MS4wLjABAAAAyLg73TArv4JmV8epmtGqiILZ0S0o3DiAjRUQ5jhikNs,LSWDF,647,<1000,泛知识/科普,初筛排除-泛知识/科普-无非洲/商业信号,"日常科普，健康生活
谢谢大家的关注❤️",
MS4wLjABAAAANC9J4bnZft8WmX8HqG-93hChLX-vEMxjPb7GCr20PP8anQTdH-wPfQl06JUja1Y6,一瞬体育,10333,1万-10万,体育/游戏,初筛排除-体育/游戏-内容方向不相关,"用心讲好每一场比赛
赛场的每个瞬间，都有写不完的故事",
MS4wLjABAAAAYLDY4woe6QhXsjE_MZbEZYT70zQat9ebOpJZ-ByR_jw,万物知多少,601580,10万-100万,泛知识/科普,初筛排除-泛知识/科普-无非洲/商业信号,"全球热点追踪｜科普知识传递
我在这里👉fudaolo2023
   感谢关注!",
MS4wLjABAAAAfdCfAq8bEEBjQNM5_z2KMu_y6J5ZZcwUuT4Y9ZcpcNKSvUe8iL6qFbP_fa1DUdI5,尼日-快讯,13,<1000,新闻媒体,初筛排除-新闻媒体-内容方向不相关,"欢迎合作交流
WS+♥２３４⑦⓪⑦⑥⑥②⑨⑨⑨⑨
聚焦尼日利亚，连接非洲商机
我们专注分享尼日利亚及非洲的真实商业动态，经济趋势与一线新闻
从奈拉汇率变化 ，到政策走向，再到中尼合作的新机会，带你用华语视角，看懂非洲市场的真实脉搏。
关注我们，掌握华语视角下的非洲第一手资讯",
MS4wLjABAAAABVwt0yztQVbQ3E3Yi-51V2Z9zJ5VaTmNx7LHQhAhYZ8,广西台新闻910,246395,10万-100万,新闻媒体,初筛排除-新闻媒体-内容方向不相关,"新闻910， 关注新闻第一现场！
拍客投稿请发送至gxxw910@126.com
更多深度观点@视听深一度",
MS4wLjABAAAAwFCjPtrceffbPg8mZt4FUUi_oKjNDVKKHVk_qwC1GeY,Kiri摄影工作室/舍夫沙万涧南山中餐厅,738,<1000,旅行/探险,初筛排除-旅行/探险-仅非洲无商业,"📸摩洛哥旅拍
🏠常驻舍夫沙万
🚗舍夫沙万租车7座SUV 
🏖卡萨往返舍夫沙万   
🏖菲斯往返舍夫沙万  
🏖丹吉尔往返舍夫沙万",
MS4wLjABAAAAxvo2bGp-FDq0dKzbprS1W8MOw2j5IuJdahDCDNshAj67WCB1h1RMB8D0b17gWy0u,卿羽观史,219689,10万-100万,泛知识/科普,初筛排除-泛知识/科普-无非洲/商业信号,分享各类科普，视频持续更新,
MS4wLjABAAAAUJldJ8grvUZw5McxPT0B4HL7LttryHJzZ-YbMPbo17pwv3aT75Ct9WwElmbQr4GH,万物皆科普,715,<1000,泛知识/科普,初筛排除-泛知识/科普-无非洲/商业信号,从你不知道的知识或事件，到你知道后的过程就叫科普。,
MS4wLjABAAAAJLP3AZ1s1qpG9K7MTgJFaI8mhGmgay7E3a1j38HLl1g,湖南卫视,20712329,100万+,新闻媒体,初筛排除-新闻媒体-内容方向不相关,青春中国,
MS4wLjABAAAArGiIIeVUtlm895MhwHXtJHEBxqNdGO0mQcdFpjwaVnA0oH3WVFKLzaP6A8vSsgef,芭芭娱乐cc,6979,1000-1万,影视娱乐,初筛排除-影视娱乐-内容方向不相关,"走遍娱乐圈，快乐每一天
明星 | 娱乐 | 影视 | 综艺
感谢大家的关注💕",
MS4wLjABAAAAegGGF3FDNMSgh_Ib_dOUumqcp-Xl45Gmb3uP1vxIbmw,天津卫视,15876025,100万+,新闻媒体,初筛排除-新闻媒体-内容方向不相关,"天津卫视官方抖音账号 融美好 共未来

联系v: tianjintv99",
MS4wLjABAAAAbfNXL_bhG2VxNxQfVbuQ91397kBhKbHSejN2b7nYNZjBfwKb-ItCzKWVoe4Ca6QV,疯狂的小毛（在意大利🇮🇹）,893402,10万-100万,旅行/探险,初筛排除-旅行/探险-无非洲/商业信号,"大家好我是小毛——背包环球旅行🌍
去看一看这个世界，体验不同的文化，感受相同的爱！
旅行日常v：Mhy844431376（助理）",
MS4wLjABAAAA-P3L4HaE3UH2bXFJj1J8jIX07cNPaszTDNhI5eeKK-Q,刘刘刘彦环球旅行,576107,10万-100万,旅行/探险,初筛排除-旅行/探险-无非洲/商业信号,一个人流浪过50国，流浪东南亚10年，拜访过300多位老师，冒险，探索，旅行，全球纪录片，东南亚跑庙。🛰️liuyanlaodi12345,
MS4wLjABAAAAs3ti4ZdnTr-NNn_yXAwUKBUClpCDGaK_5hDsXSt-dHQmavGEJu1Xr5PTaEeaFTys,环游地球的立新,6916,1000-1万,旅行/探险,初筛排除-旅行/探险-无非洲/商业信号,我是一个旅行家曾经去过南极和北极，未来只想走遍全世界！,
MS4wLjABAAAAklORj2xoXcRZq3xEo3X15H2fSlSk3bVmFL11gpGT9cM,梦想是环游全世界,19600,1万-10万,旅行/探险,初筛排除-旅行/探险-无非洲/商业信号,"偶然间因“北京家庭主妇”莫名其妙火了一把！
人生短暂，及时行乐。
爱好很多：唱歌弹琴跳舞！
喜欢旅游目前60国。
🍠：梦想是环游全世界
历史 风景 宗教 人文都喜欢！
闺蜜：@丽娜福克斯 灵魂相投的两个enfj",
MS4wLjABAAAAyDJ0pWsnO6mYdUMOCAtj52Qd-Lya14I92ojyMPXiMEA,旅游艺高人,83,<1000,旅行/探险,初筛排除-旅行/探险-无非洲/商业信号,去我想去的地方，带大家去看这个美丽的世界。,
MS4wLjABAAAA9QwM_nizqOBRbJrDGGrQiPZF6CbNR2Hytzc5Ukf6Mt2mF_SQqLLdD1NwQbsx-fmJ,寰宇万象EarthMosaic,972,<1000,旅行/探险,初筛排除-旅行/探险-无非洲/商业信号,寰宇万象——风景、城市、自然、生命、文化、旅行。每一处都是一个故事。,
MS4wLjABAAAAYjOnoCRX76nZ_n7XuA5_d3r_w6ZVJmaj3CGeTC81ZUA,大鹿儿,76,<1000,旅行/探险,初筛排除-旅行/探险-无非洲/商业信号,旅行🧳趣事分享,
MS4wLjABAAAAkA-NcNwRfj3THW5YsJF5rSMnnP5NaT5FZSBH8zSnRXQ,日出东晓授权（直播切片）,11106,1万-10万,军事/时政,初筛排除-军事/时政-无非洲/商业信号,在复杂多变的竞争环境中，应秉持冷静观察、稳扎阵脚的态度，精准洞悉局势。面对各类挑战，沉着应对，以韬光养晦、藏巧于拙的智慧。,
MS4wLjABAAAA6mkssdAwiZzj-Z8zXyRunvhVsWaHMZ_gWbFudflZezM,自驾愚翁,1951,1000-1万,旅行/探险,初筛排除-旅行/探险-无非洲/商业信号,,
MS4wLjABAAAATccCEDd_LJ6zCmdmiv7d5OZyBBBxPcV0VarS4aEAMp8V6k2Rq-rxoN_-kuO80Ier,渡无解,1860,1000-1万,旅行/探险,初筛排除-旅行/探险-仅非洲无商业,"万难皆可渡，唯时间无解。
如果你真的准备好了，那就接受一切发生😁
已历国家路线——蒙古🇲🇳-俄罗斯🇷🇺-格鲁吉亚🇬🇪-土耳其🇹🇷-瑞士🇨🇭-西班牙🇪🇸-法国🇫🇷-摩洛哥🇲🇦-德国🇩🇪-比利时🇧🇪-荷兰🇳🇱-波兰🇵🇱-丹麦🇩🇰-瑞典🇸🇪-挪威🇳🇴-芬兰🇫🇮-爱沙尼亚🇪🇪-
如何在旅行中做关系户？
分享部分故事给大家
祝你们天天哈哈哈🫡🥰",
MS4wLjABAAAAItWXQCXRrUucQxoahMYnvCOkmbAltXh8OUZrthk9OVmQFs6O-1s9AjKCAwFDOGOo,天玑,3644,1000-1万,旅行/探险,初筛排除-旅行/探险-无非洲/商业信号,关注我的旅游足迹，所有作品均无滤镜修饰，追求自然。,
MS4wLjABAAAAJ-g48gklWMO_EyGSwqv9nVEKqlYX3Zrz8p8aIY67ff16hcfLiSPZrGUVO0XvqA1M,终南山,215,<1000,旅行/探险,初筛排除-旅行/探险-无非洲/商业信号,旅游,
MS4wLjABAAAATHVSnWStQ-Bm_pSp6_vyxWYwyl3XdnT1tIUxTp3VyRo,小牮,5238,1000-1万,旅行/探险,初筛排除-旅行/探险-无非洲/商业信号,小牮： 媒体签约作家，散文家、诗人、写手，酷爱旅游、体育、善拍视频，在网络引擎皆可浏览到小牮原创作品,
MS4wLjABAAAAiHAnD2x9HrBh6A56IQ_9ltc2OQ4qmN9J4p5uuQv824Aub8hNqjDPM30072YCJQ68,小贝球谈,893,<1000,泛知识/科普,初筛排除-泛知识/科普-无非洲/商业信号,"💯UoM体育科学毕业
🔥红魔曼联球迷
📈曾经在曼联实习
👌不讲废话，全网同名！！",
MS4wLjABAAAAVBBn8aNjkiGgnT3aSSq5f2SfCfEFu7fkJmWeHsNssV4hEcl0P4Q18eZpNh7sA-G0,华夏时报,169979,10万-100万,新闻媒体,初筛排除-新闻媒体-内容方向不相关,《华夏时报》是由中国残疾人联合会主管主办的中央级综合性主流媒体，以人道慈善为主旨，以公益财经为特色，关注时政民生，关心财富趋势，面向全国发行，为中国邮政发行畅销报刊。,
MS4wLjABAAAApzxDEGe9TRPzxm5MkCTatNViFCBMGvStxISqLwHAtjc,中国日报网,6680818,100万+,新闻媒体,初筛排除-新闻媒体-内容方向不相关,中国日报网网站及本抖音运营主体为中报国际文化传媒（北京）有限公司。,
MS4wLjABAAAAwBNw6NaCE4HpfSmDoeZo4SA71cjfBkrsV-rXOansNA2J-q8SrSzddC43-6ge8ytG,清锋体育,32,<1000,体育/游戏,初筛排除-体育/游戏-内容方向不相关,"看球十八年的老登球迷
拆解名场面，闲谈足坛大小事
有不同看法欢迎评论抬杠，有空一起聊球",
MS4wLjABAAAAUOIErK6IEv9shx4Q_NGXI_VyW7Ctrs4IsVCwTU0rNxi-9YDEqDqhQCujHZdyv0K7,战非环球世界🌎,4042,1000-1万,旅行/探险,初筛排除-旅行/探险-无非洲/商业信号,我可以死在远方 但不能没去过远方@蓝战非,
MS4wLjABAAAA1oUQHkXra25Rv_ytTh5LI5XFkaQpeuuHuTHBeIADLurATssrd8uKTS_TfH7qGEVi,足球萨克·斯,223,<1000,影视娱乐,初筛排除-影视娱乐-内容方向不相关,"以球会友！
定期更新足坛人物，赛事解说。",
MS4wLjABAAAA7MR0WAMRMI7JTbAlhOcANv9P-vI0IyFz25uTgOoMPGmHyW5D6uIRqYtL09V9n39H,地缘档案局,11834,1万-10万,军事/时政,初筛排除-军事/时政-无非洲/商业信号,解锁尘封的地缘史档案，还原真实的历史现场，深挖全球重大事件的完整脉络,
MS4wLjABAAAAyvCJU4HdDZb2NnIF0d60eTQdvVqnRiYDmFwnMJtXrlHMXxvWZPfpPpE5rt-8ZYd4,爱探险的朵拉,9526,1000-1万,旅行/探险,初筛排除-旅行/探险-无非洲/商业信号,"Umich Ann Arbor 24
分享喜欢的：艺术🎨旅游✈️生活⭐️
I’m either tired or hungry or both
重要的事情说一遍：不是Valley🥺",
MS4wLjABAAAAXGlXFC2dftImvQhzhrb756SV9tJiegJTURxyv8NPQFcoHqxc730l-j8rh5TLV4b-,浩宇旅行,26244,1万-10万,旅行/探险,初筛排除-旅行/探险-无非洲/商业信号,"帮助1000万年轻人少走10年弯路
心为字节而跳动❤️",
MS4wLjABAAAABQBKpKlH_HNh62Jpb4D_EQsM4ntotDm8Q7pLJlSbGfuSdThpbTHgmriZLlNwMYOj,30+KKol勇闯非洲,5817,1000-1万,旅行/探险,初筛排除-旅行/探险-仅非洲无商业,"读过书、行过路，非漂时评博主 反传媒霸权，欢迎关注 
30+勇闯非洲做翻译卖选矿设备，破碎球磨重选浮选等
主页前两年内容有旅游攻略，现更新非洲工作生活见闻
想快速学英语的随时问，读千卷书行万里路，抒正知见
不默声的活着，或许，能替某类人发一些声音。大数据",
MS4wLjABAAAA-v3Ba8n-C1gtbiD2U3HiGJu0JuuAhEdbWsVA6PfPJAmCg0hjXHjNt3fchX4uZ7bc,科武龙腾,1195828,100万+,泛知识/科普,初筛排除-泛知识/科普-无非洲/商业信号,分享知识，每天科普一点知识,
MS4wLjABAAAA7lH8_ogSCeUtaTfdmAU0Lzz3QJlmM3AbZ60cRp3fxTM,羊城晚报,7925794,100万+,新闻媒体,初筛排除-新闻媒体-内容方向不相关,看见生活点滴！,
MS4wLjABAAAALX45-hrmz1JmMFBipvn3XiDwDHMrQs0NpMcJOn6N8Ig,伊伊科普,311159,10万-100万,泛知识/科普,初筛排除-泛知识/科普-无非洲/商业信号,每天通过不同的视角，为您科普世间百态！,
MS4wLjABAAAAd8AtewRsv4IenzUL1XN_aeMQeTT8UHUwrGiFqCCHoNFjGZDzao_u-Fx1Z4o9kiKS,碳交易行情（直播）,964,<1000,旅行/探险,初筛排除-旅行/探险-无非洲/商业信号,聚焦双碳行业，关注环球碳讯,
MS4wLjABAAAAFQQzNyw1rRSnqLxNLVm69PPj7Cb09U6EVDlgVOI7jdA,好奇心日志,455134,10万-100万,泛知识/科普,初筛排除-泛知识/科普-无非洲/商业信号,世界之最，数据排名比较，知识百科,
MS4wLjABAAAA32a6eMve_HP23UChzbHL47iBbecLwwPi8q7_90k2WA4,虾兵蟹将,1272,1000-1万,泛知识/科普,初筛排除-泛知识/科普-无非洲/商业信号,以东北话的方式讲解历史故事,
MS4wLjABAAAAxrYT_gzZwGr1jGo0YrvUnGmMbYYF8nj9GORhWKR-vVC7AQJvfgjCamEjfdwZF2Zo,每日商报,862247,10万-100万,新闻媒体,初筛排除-新闻媒体-内容方向不相关,有料没料，都来Dou下！,
MS4wLjABAAAAdZ2AaYfdOfBaxNHMPO8JiQfVj49b3hnEzxVkE76kgdQ,长城新媒体,7273485,100万+,新闻媒体,初筛排除-新闻媒体-内容方向不相关,"河北省第一家以互联网为主体传播形态的新媒体集团，河北省三大主流媒体之一。
感谢关注，欢迎投稿！
投稿方式：
1、抖音直接私聊(时间+地点+事件）
2、在评论区@长城新媒体
3、邮箱：2737549579@qq.com",
MS4wLjABAAAAcz0QrDacAzxo-saq1GNMLwwYAqYzxv1OYMFJIyC_ETw,科普公元,711717,10万-100万,泛知识/科普,初筛排除-泛知识/科普-无非洲/商业信号,屁大点事分享者！,
MS4wLjABAAAAAO2a2aVlFBqTczodSOZybtxqZ9vIRlKqIqPqHsdqX64klyuDfyMogoixV3rBqel8,越牛新闻,3798168,100万+,新闻媒体,初筛排除-新闻媒体-内容方向不相关,越new，越精彩,
MS4wLjABAAAApi5r-gZCieykIj1jUz96tc9c5SDmMAFSrWY7Kr2HfZI,扬子晚报,1740003,100万+,新闻媒体,初筛排除-新闻媒体-内容方向不相关,《扬子晚报》为江苏省级报刊，是江苏地区极具影响力的主流媒体之一,
MS4wLjABAAAArL_dDpbqsUUxrD-CO_W2knzFTRDDic9u5bTc1UIdjvNqz05d2xgx3YMU9VIbhDVg,潍城融媒,602711,10万-100万,新闻媒体,初筛排除-新闻媒体-内容方向不相关,如有侵权 请联系删除,
MS4wLjABAAAA7gu8mZ5iNRHgOaO6M81k5mmfFqG39FQ-lx0JpdsbTrnm8bEit_bDUtD30F1RH6xf,西瓜君聊世界,0,<1000,泛知识/科普,初筛排除-泛知识/科普-无非洲/商业信号,和瓜叔一起发现世界各地的奇闻佚事,
MS4wLjABAAAA9W4qYBkRHeKu4l-acUw0l8nmdHGbOO5FBsIDPDbg3cPFwo6u7NzDstlh9b6n3NrZ,杭州日报,7994477,100万+,新闻媒体,初筛排除-新闻媒体-内容方向不相关,关注我们，dou有好运！,
MS4wLjABAAAA9Ny-acq_Jf-YOM6hLsSmxWzCRQ48MfenNOvB3CAW8HW_L3lsgQmOzi_o-PPz1oyI,科学宇宙星河,8815,1000-1万,泛知识/科普,初筛排除-泛知识/科普-无非洲/商业信号,"科普地球百科
探索星球奥秘
不给流量我要弃坑了",
MS4wLjABAAAAzYa-uYnwPWBDXniKw4SNsOI76MzNfP6Bt31rMEYvuXc,和田地区融媒体中心,1483201,100万+,新闻媒体,初筛排除-新闻媒体-内容方向不相关,"关注和云    看见世界
和田地区融媒体中心媒体运营部
联系电话：0903-2511688 /  19990353380
邮箱：615838983@qq.com",
MS4wLjABAAAAQgezvW24p1PrCPlRWyVTlaYf4dx2LEVhA3Mq9ceBKg8,晶晶在非洲,3946,1000-1万,旅行/探险,初筛排除-旅行/探险-仅非洲无商业,我是喜欢骑行、徒步、登山、滑雪、旅行，并且爱冒险的晶晶,
MS4wLjABAAAAnawovfB1CYRDp2TEJbe_BEBC8Pk5AQtI3MtxuisW2Qo,迦南宇宙,830879,10万-100万,泛知识/科普,初筛排除-泛知识/科普-无非洲/商业信号,"🌍每天更新科普知识
🌍用通俗易懂的方式带你了解世界的奇妙
🌍星图🈴️作YR17868761802",
MS4wLjABAAAABDxQFX8d__WAqu4qoLw7AmYIKArRe_8NeHnpwLJl1A4,纵览新闻,22420450,100万+,新闻媒体,初筛排除-新闻媒体-内容方向不相关,纵览新闻客户端官方账号,
MS4wLjABAAAAM6oDd_i4drFUc13dhh4Xq_0cyIHofyorOGq-GMdKhosH4TwZMf7fJ2CjV4iLKfHG,花花航空,29065,1万-10万,旅行/探险,初筛排除-旅行/探险-无非洲/商业信号,"真·斜杠中年
重启人生，我在日本做旅游
我们不开车，只开飞机",
MS4wLjABAAAAvW4OnGCHGiT2MPqBu66degmdtddqx6pW85hmh1E2wjlDnOGhFmHlARf50kJdSHM6,弓长日月看世界,40954,1万-10万,旅行/探险,初筛排除-旅行/探险-无非洲/商业信号,"我是张明，
是行者也是作者更是纪录片导演，
曾经国企员工现在环球旅行者，
已经走过50多个国家的我，
用镜头记录所看到的世界
小破站有完整版纪录片
v：zm58130862",
MS4wLjABAAAAs2Qp6qDKE5N_UYHpZdnTI8c5R3-jSHqdCBRXEwemvCE,吴珊的自驾环球旅行,2169908,100万+,旅行/探险,初筛排除-旅行/探险-仅非洲无商业,"2012-2014年 畅游各国海岛
2015年 自驾北美洲
2016年 自驾澳洲
2017-2019年  国产车自驾穿越亚洲 欧洲 非洲
2019-2020年 国产车自驾穿越南美洲 
2020年 探索南极洲
累计104个国家 没有团队 当地人帮忙拍照
VX：704464589（请注明来意）
信息较多 回复较慢 请包涵",
MS4wLjABAAAA4w9GcKJZiWdRuuehXM4SO63DsHSdANAhtMl8H1uc7lc,Vista看天下,21600862,100万+,新闻媒体,初筛排除-新闻媒体-内容方向不相关,Vista看天下，年轻人找自己,
MS4wLjABAAAAt6AsGhjrHeoxZNkceYg2J0FWvrWKzEaTAvF44-sPYco,央视财经,14403692,100万+,新闻媒体,初筛排除-新闻媒体-内容方向不相关,风里，雨里，我在央视财经等你,
MS4wLjABAAAA07Af2eHOq9RB8iBQ3GOle_ErYhuzARsXo1NAfyGJkzgBg4CrSnC7VG0PG7zsS_7M,May,47,<1000,旅行/探险,初筛排除-旅行/探险-无非洲/商业信号,爱旅行 爱美食 爱摄影 爱画画 爱世间一切美好的东西,
MS4wLjABAAAASa96PsHKmUscchbKlzhKFVaMLdB3mp_kzCYZdfZyFuuZl0zwRXOUKRg_Ker4t9ef,草莓解说园长,3219,1000-1万,影视娱乐,初筛排除-影视娱乐-内容方向不相关,探寻每一份记忆背后的温度,
MS4wLjABAAAAi-tbU09x5M60MMusvEY5ODwaY-Oa_HNMfSD6j5RO5kc,百万高影视,147714,10万-100万,影视娱乐,初筛排除-影视娱乐-内容方向不相关,建立影视新窝，剪出精彩新天地,
MS4wLjABAAAAIsHYncz_2xXp5HJgm5BGN0kT1jtdsZ4btvDbVBgJr5wDh7sa8B1y66nVVme1l8vk,暴脾气冯大宝,460268,10万-100万,泛知识/科普,初筛排除-泛知识/科普-无非洲/商业信号,"历史棋局当下饭，今日风云配三餐
冷门知识烫嘴说，故事背后有洞天
撕开表象，深挖根源
一个不讲废话的科普人，麻溜关注就对了！",
MS4wLjABAAAAtadF2IhVz0aOxI4r7EKcFPRVa-xzhsxJwG0s87zst7U,宇宙科普局,385299,10万-100万,泛知识/科普,初筛排除-泛知识/科普-无非洲/商业信号,"最有趣的知识大合集
彻底颠覆你的世界观
仅此一号    切勿被骗
喜欢的(点赞+关注)❤️❤️❤️",
MS4wLjABAAAAEVKn1nQZALSgg5vuZZO5AnorFYEwrAlE-9tCZYCnjf3eLb3yalhraoT6MRxV1ATW,你是锋儿我是啥,34390,1万-10万,军事/时政,初筛排除-军事/时政-无非洲/商业信号,"🩸妹有口音地道东北仁儿
✨定不定期分享好玩真实的时政 历史故事
🫶妹啥能力 尽量严谨
🌹涨知识的同时 博您一笑
🌟你们开心 我就开心
🫡感谢您的点赞关注评论支持",
MS4wLjABAAAAH3iyVtQzOAPLBEM5K6VF1Es9hQZK7GRkP19hd7m7dYc,小雷大智慧,1161763,100万+,泛知识/科普,初筛排除-泛知识/科普-无非洲/商业信号,"◽️专业、系统知识科普频道
▪️根据合集分类学习
◽️感谢宝子们为小雷👍和关注
❗️冒充、侵权行为会永久追责！大家提高警惕！不会主动私信，也不会索取联系方式！",
MS4wLjABAAAAjJ7CfrPApp3Gp5r7JsS2spYsA7mos42g2PLYruMykAjQd3g0pB23duTb6RDrhEJO,亚男视界,1840514,100万+,军事/时政,初筛排除-军事/时政-无非洲/商业信号,欢迎来到亚男视界，我叫冯亚男，一个爱笑的女孩，误闯国际新闻圈，结果却与军事时政结下了不解之缘。作为一名爱国主义者，我坚信“位卑未敢忘忧国”，在关注全球军事动态的同时，我也不忘心系家国，传递正能量，我致力于将复杂的国际局势用轻松幽默的方式呈现给大家，让每个人都能从中获得不一样的视角和思考。如果你喜欢深度解析，又不乏轻松时刻，欢迎加入我的视界！,
MS4wLjABAAAApRfDQtXoW8vPTDoFfUCz7JXUR2_Nxwy_Fnq1JlHNSVE,许昌时刻,1594665,100万+,新闻媒体,初筛排除-新闻媒体-内容方向不相关,"世间美好暖心正能量都给你
许昌大事小情新资讯全在这
用心记录许昌，时刻在你身边
许昌时刻抖音欢迎您的投稿
投稿邮箱：xcskdy@163.com",
MS4wLjABAAAAU_gObISZZJSNkPe59LxJ0y1PXBTC1gbKWW31z5ojLAs,毛毛在开车[2026自驾南美],45250,1万-10万,旅行/探险,初筛排除-旅行/探险-仅非洲无商业,"🌏环球自驾中…
🛖2025年6月中国自驾欧洲冰岛穿越非洲50多个国家……
🚗2024 自驾欧亚大陆冰岛30多个国家！
🌌2023 自驾中亚… 俄罗斯北极圈追极光！
🏜｜旅行｜越野｜自驾｜户外｜摄影｜无人区｜",
MS4wLjABAAAAxA44mxJVod_Aq5wc0cZrbZHJ2S_DnoJctGpb_mOvsxs,新华社,56364915,100万+,新闻媒体,初筛排除-新闻媒体-内容方向不相关,国社品质 温暖你我,
MS4wLjABAAAA7Pw9RJjY0Vxu8r4VAk01cmpiUN1oESyssDgvmHjiKUJgiEZL-gPvb06s3h0nI6ft,疯狂的科普,16005,1万-10万,泛知识/科普,初筛排除-泛知识/科普-无非洲/商业信号,"生活多姿多彩
科普无处不在
关注我
带你一起看各种有趣的科普",
MS4wLjABAAAAiCfHski5J07m9jQThnVE0WJqGipLCFoZiRZPA4mlH0Pp4klRi56wO9ZhDmD01cG1,小足球大人物,80841,1万-10万,新闻媒体,初筛排除-新闻媒体-内容方向不相关,讲述一些被遗忘的足球故事！,
MS4wLjABAAAA0-aJGF_awdfgVonvDfvLtHpUCYgKkXBINpTtaswbK3u-eWUew15xuvS_p8KEy26L,厂长足球UP,98523,1万-10万,体育/游戏,初筛排除-体育/游戏-内容方向不相关,"谢谢你的关注！
感谢🙏官方提供平台！
更多足球好物在橱窗哦！",
MS4wLjABAAAAuWjrGc0sMTC71yprtwqy1Q79nx_2JO8AyJSydTuRrKo,新闻快报（德宏融媒）,3758339,100万+,新闻媒体,初筛排除-新闻媒体-内容方向不相关,有速度 高度 态度 温度的新闻,
MS4wLjABAAAAdRqYXCgoCS9CNxKX60M-CDf0cQw9axwgXAQF2nRi2SUf7AwuRpcnw4WDB6d6vqr4,小龙足球志,847,<1000,体育/游戏,初筛排除-体育/游戏-内容方向不相关,"每天一个球员故事……
带你走进不一样的人生……",
MS4wLjABAAAADvfWr_HmXHXjwT8RCp-lE0TGYzsH3VhvtXWIrLEMJ0w,篮球国度,1394078,100万+,体育/游戏,初筛排除-体育/游戏-内容方向不相关,"⭕️  招募优质文案写手/带作品来
⭕️招募成熟剪辑手
     合作请私信(可接解说软广内容)
     自媒体创业🉑✉️教学🎦",
MS4wLjABAAAAw7euULOnrSSSbYbiRKYMl3bddc8sgeUVXI0VmJB1CI2nK4Jou0cQ1iE2w0-6gKr6,辽宁飞豹篮球,1072926,100万+,体育/游戏,初筛排除-体育/游戏-内容方向不相关,"每天分享精彩镜头
🏀关注我“不迷路”  👈",
MS4wLjABAAAAVyl6NYs4ahyoDRPaoeNTd3iDro8ixbeLXnXPLqEF4wG1iebW00Me_CgV__JdJbzh,足球路人甲,9629,1000-1万,体育/游戏,初筛排除-体育/游戏-内容方向不相关,"最纯粹的足球,最高级的享受
献给热爱足球的你",
MS4wLjABAAAA06c4uHbyf_e5T-pxEUr2iZf7C4lcpdYUbn0mnpzx9cI,一颗足球小迷弟,227821,10万-100万,体育/游戏,初筛排除-体育/游戏-内容方向不相关,"爱足球，爱运动
出优质作品，品优质人生
很高兴认识你们",
MS4wLjABAAAALcLNXk2v4mjGLByH_iT_kZDuSHz5gawSsGntjEicrCKcx8kuZoYWEeET_U3O_6MI,蜡笔足球（收徒）,122573,10万-100万,体育/游戏,初筛排除-体育/游戏-内容方向不相关,"这世界，唯有足球不可辜负
学习商务加hz9060060
 备注来意才会通过",
MS4wLjABAAAAx0uNzQDlaTTlfThaZUzMO4_9GDNPYIzTxRJ5JfxZqj8,长江新闻号,7989592,100万+,新闻媒体,初筛排除-新闻媒体-内容方向不相关,坐拥长江 纵论天下,
MS4wLjABAAAAkfyDSaiI2FB9-FpQPrP_mjdTPk0JGPkbG_gv0nSjDpbxfoJ36dkoVaWfn1Y0j6EX,卓耀足球,8682,1000-1万,体育/游戏,初筛排除-体育/游戏-内容方向不相关,"⚽ 人生像足球，你不会永远进球，但会一直跑在路上！
🔔 持续更新五大联赛等视频
🤝🏻 商务Zhuoyaofootball",
MS4wLjABAAAAng5w-E6HaU2C8mBw_EPowpewUQVGarLNGl-wH6ugnT4,足球大人物FC,564839,10万-100万,新闻媒体,初筛排除-新闻媒体-内容方向不相关,"⚽带你了解足球大人物背后的故事
⚽原创球星纪录片",
MS4wLjABAAAAJ0L_Z5s-bf2tV22__mDWFysQsGo-WGjVVJu_qaYLeVg,巅峰足球,328682,10万-100万,体育/游戏,初筛排除-体育/游戏-内容方向不相关,"尽心尽力做好每一个作品
力争比赛结束第一时间更新。
长路漫漫，风雨兼程。感谢有你的关注❤️
商务/运营：sleep4827815",
MS4wLjABAAAA1WiPnyOxVkIxFwLNcbWjaS2oVcEdTzLHkGv5g-1EO9o,三沙卫视,6590259,100万+,新闻媒体,初筛排除-新闻媒体-内容方向不相关,海洋强国 看三沙卫视,
MS4wLjABAAAAPorbiObkpRm9K-Js3Zc7UIMOWuRWsuWjCMvS9kHe82YL5Bx3AtF8IJC91Arraqfp,时代足球,135693,10万-100万,体育/游戏,初筛排除-体育/游戏-内容方向不相关,谢谢关注,
MS4wLjABAAAAU7Bwg8WznVaafqWLyLUwcVUf9LgrKGYmctJ3n5SwlOA,新爱体育,5943347,100万+,体育/游戏,初筛排除-体育/游戏-内容方向不相关,,
MS4wLjABAAAA1e4nfuFOddLzI6nwivZwa0QCs9MIFu6XMD9yPM0_LWI,狗窝足球,39153,1万-10万,体育/游戏,初筛排除-体育/游戏-内容方向不相关,💙小小的绿茵场，藏尽了铁汉说不完的柔情💙,
MS4wLjABAAAAHLCvOvHb3DAw4u0I3Jo27KFAMoMmRJfgNC_JkpRiTt-wgq1HS4PxEyBIZPTscKTi,FIBA国际篮联,1293056,100万+,体育/游戏,初筛排除-体育/游戏-内容方向不相关,"欢迎关注世界篮球之家🏀为你的主队加油！
更多请访问官方🌐www.fiba.basketball

近期FIBA赛事排期：
2026国际篮联U17世界杯
2026年6月27日至7月5日
2027国际篮联篮球世界杯预选赛第三窗口期
2026年7月2日至7月6日",
MS4wLjABAAAAGHf1U1kITweAO3v-Y9PWpZ1IWFn5hVY7nT6b2_xU7Ahqqo-g3TlFc0vGv2jl1DbS,球定风云,736,<1000,体育/游戏,初筛排除-体育/游戏-内容方向不相关,"🌟作品持续更新中...
❤️感谢球迷朋友们关注!
❤️每日更新五大联赛足坛最新赛事资讯",
MS4wLjABAAAAwjoyRG9f80rdre6N7Bc5g7VSvc7YCoBSFcFKyE8_2cUhoaJPM5gTS51P3GBtcrxU,白胡子聊球-正定体育,93932,1万-10万,体育/游戏,初筛排除-体育/游戏-内容方向不相关,🪀📗 白胡子聊球,
MS4wLjABAAAAwm9AX76WH14_0bde9yjx1saJs4F2qEs04ZuHpjCaaUE,蜘蛛猴面包,3913,1000-1万,旅行/探险,初筛排除-旅行/探险-无非洲/商业信号,宠物，旅行，音乐，生活,
MS4wLjABAAAAFqrnb2KGnD7UeoeuNFFNn1IuWE1vuNMJBZReuOIBw-Y,足球西看台,404483,10万-100万,体育/游戏,初筛排除-体育/游戏-内容方向不相关,"一个充满激情和情怀的足球节目
更多世界杯在🛰️：laochensq666",
MS4wLjABAAAA3P05_-zIOyJ60arutDVBEsENrZ6Z3q2_Ugm04DNjjM4,蓝战非（世界旅行）,8241,1000-1万,旅行/探险,初筛排除-旅行/探险-无非洲/商业信号,"蓝战非世界旅行🌏
我可以死在远方，但不能没去过远方
大号@蓝战非 官方授权账号
实时更新旅行直播最新动态",
MS4wLjABAAAAym6NPu27iZIXRGRRL4nHAnV03Mw_-JOxcGhWieXA2PbNf5YFjnqcwDvnbmudh_Za,足坛观察,680256,10万-100万,体育/游戏,初筛排除-体育/游戏-内容方向不相关,"每日更新不一样的足球视频和足球新闻！
永远支持中国男足和中国女足！
感谢您的关注与支持！
合作可私信！",
MS4wLjABAAAA2ojBryeaEgImzJmcXik6beql5GEHOiGUX_xUmCrEHZ8NJ218rLKcYAjy-DTZ9W3t,足球-热点,7717,1000-1万,新闻媒体,初筛排除-新闻媒体-内容方向不相关,"足球热点资讯
足球爱好者",
MS4wLjABAAAAyc5rZHgamYKcn2LJD0rO68emKVcgPM-oO1CUE253rK4,T.t 足球情报社,11543,1万-10万,体育/游戏,初筛排除-体育/游戏-内容方向不相关,"🔥感谢官方提供平台
🌈每天更新足球资讯（深度解析、新闻）
@足球情报社 （榜单、趣闻）
🙏感谢关注评论",
MS4wLjABAAAAZf8HJ9royuK2R5AXmsA4FuUe5WK6cOGs9qY6NFTjvBw,足球巅峰,238,<1000,体育/游戏,初筛排除-体育/游戏-内容方向不相关,"自媒体新人报道讲述足球⚽故事
欢迎各大网友提意见，也欢迎大神指点
原创内容 | 持续更新
感谢关注🍠同名",
MS4wLjABAAAAPmrLCI50cd-JJTvuq-6u6JeVtQOYSczNPmjrHq0nSSM,周葛亮说球,110946,10万-100万,影视娱乐,初筛排除-影视娱乐-内容方向不相关,"PPTV体育创始人；前五星体育足球解说
20余年赛事精研；深耕足球俱乐部运营
深谙亚洲足球各大联赛",
MS4wLjABAAAA1kmtGZJ-frgYuBOlOPCObepUySF0AfzDWwICGfuQzzocEK_ckpjnkTQxsndHalEY,足球人生,68520,1万-10万,体育/游戏,初筛排除-体育/游戏-内容方向不相关,"·欢迎您的到来
·这里是「足球人生」
·一起探寻足坛世界里的别样人生
·后面内容将为你带来美加墨世界杯特别前瞻🏆",
MS4wLjABAAAAXBLRIzmDJfhuVYAnrv7-aqT3Pq2MeWUvLUNIhLsUZTIHYm-isx_F2_PrEVBNrzxm,人物那些事儿,2190,1000-1万,新闻媒体,初筛排除-新闻媒体-内容方向不相关,"随便聊聊人物的那些事儿～
喜欢玩梗，切勿当真！",
MS4wLjABAAAA_ux5LNPoFdQncVbVkVhEF9j85N6_IFtff9I83V1SXHo,足球杨谋,188144,10万-100万,体育/游戏,初筛排除-体育/游戏-内容方向不相关,,
MS4wLjABAAAAinc4cy3hIr4hg_t2xStoYKi6YTNnmpdbpfsrcgXIAjtKNjuil5IfDS78I_TY1IBi,足球解读,385,<1000,体育/游戏,初筛排除-体育/游戏-内容方向不相关,"足球第一线，实时看球、聊球、评球。聚焦足坛风云变幻，深度解读每一段足坛往事
  直击足坛热点",
MS4wLjABAAAAhj29MnKhf4Ac1hnkmLkksAItAsmOLivR2qfnO39EmURuFd--D9Zrmv_s_UmLChE4,失眠足球,644,<1000,体育/游戏,初筛排除-体育/游戏-内容方向不相关,"一生热爱足球，忠于绿茵赛场🌿

没有谁优于谁，只有各自的人生巅峰。

“祝你好运 Goog luck”",
MS4wLjABAAAA3NpoSd5C4waEQyUhxg7r-oOdl_2kJQZLpvbTkMS-7OKvfnre6qo8SO_5yz1SH3gT,豪门足球,103390,10万-100万,体育/游戏,初筛排除-体育/游戏-内容方向不相关,"专注足球剪辑
重温经典赛事
精彩赛事速报",
MS4wLjABAAAAq7ooTgtcaZkcx5Hrr_O06ZdUH15JcKnbWeEaSZHwtdk,B哥说足球【日更版】,229700,10万-100万,体育/游戏,初筛排除-体育/游戏-内容方向不相关,专研 沉淀,
MS4wLjABAAAAQtLEytt5PvXtDiSaaOu_i6hz9ZkTE9kCRTZDlw6l8vIh1ipiSFSM3dEv6UPmwcGw,亮哥聊足球,99719,1万-10万,体育/游戏,初筛排除-体育/游戏-内容方向不相关,,
MS4wLjABAAAAQQnWqBBqZesJhlyZEIo-K-40fIFVKFrnJ8Iq2rIiRFQ,钱江晚报,1512755,100万+,新闻媒体,初筛排除-新闻媒体-内容方向不相关,,
MS4wLjABAAAAKGQgyUGKgjZjA2E7OPVfKXl0lu5AeorOCiZEOuFe-l8,想落天外,227906,10万-100万,旅行/探险,初筛排除-旅行/探险-无非洲/商业信号,一个讲脱口秀的旅行博主；2015-2017，一人一辆摩托车，走遍中国；2019-今，环球旅行中，已走过50多个国家；目前在大理玩脱口秀。V🌎同抖音号,
MS4wLjABAAAARdmVikPeLc4xn9SI5EOMD-LJ1Wv-IogavBUbU7xRjz8,新闻启示录,18007132,100万+,新闻媒体,初筛排除-新闻媒体-内容方向不相关,可爱的你 关注着我,
MS4wLjABAAAA2ASJYJsS7q_lNPbooaAT0CGQGwcfSAiEHTpFvS3dF3uO25tRkeuF2lW8ZoWK5s2K,视点说,12787,1万-10万,新闻媒体,初筛排除-新闻媒体-内容方向不相关,,
MS4wLjABAAAANwMaj-F9UPr0B6EGLn6zx_5p-Ev9nwJZ8QGiIHxPb0o,滴李李Alin,41904,1万-10万,旅行/探险,初筛排除-旅行/探险-无非洲/商业信号,"Hi 友友们 我是李李~
正在环球旅行中
暂时当你们预览世界的眼睛 总有一天你们也会抵达！
我们的口号是！保持热忱 持续探索！",
MS4wLjABAAAAg1XI7L2hRdynTDeKwGcdUArVnz0D6jDRuNxpfmd_iWv4CGkKZA-uAP4WGzcYZsVy,沙场风云录,7767,1000-1万,军事/时政,初筛排除-军事/时政-无非洲/商业信号,记录国际热点动态，解读军事历史与现实博弈,
MS4wLjABAAAAVXVozHKDEAjAP5-0iirP7Q1kP1QrGJ_2oJBSdtnTOGc,云上深夜快递,5436572,100万+,新闻媒体,初筛排除-新闻媒体-内容方向不相关,"成都市广播电视台33频道《深夜快递》，1997年10月1日开播，王牌新闻栏目。
新闻爆料：
电话-028-85590175
邮箱-9767325@qq.com
私信爆料标注“新闻线索”",
MS4wLjABAAAAMQbCx2GJBEhTJaXDVASyZTigwgCF1kAyz9xiPr1KgQY,XY,26147,1万-10万,旅行/探险,初筛排除-旅行/探险-无非洲/商业信号,走过120国的非旅行up主,
MS4wLjABAAAAMiBFAu9mQmBQNeHsu2mJN8J-iaIZ2fzPNLdSwuZkcic,兔子聊事儿,173234,10万-100万,军事/时政,初筛排除-军事/时政-无非洲/商业信号,剖析全球热点事件，从历史、军事多维度解读，给你的瓜子提提速。,
MS4wLjABAAAAA-Q99lYAdEoUPpAY25ASULwMbbPPpwiEhpQvCnFQD3qFeecbV27gAcEHC4q-QjkQ,知晓科普,151020,10万-100万,泛知识/科普,初筛排除-泛知识/科普-无非洲/商业信号,探索大千世界，带你了解未解之谜！,
MS4wLjABAAAAcKzFYgNUIRLSxLWZLcud8fd8dPp8NYqVtrlBe8k9fzhmDSuLdx3zCQfNkysOiXqX,中国新闻社,12945022,100万+,新闻媒体,初筛排除-新闻媒体-内容方向不相关,"国际视角+亲和力
供稿邮箱：cnstv@chinanews.com.cn
联系电话：18601076507",
MS4wLjABAAAARxGiuxyf0sBwaOj6pA6kpSwdYXN2EIXsmxoI3fKNXdQ,橙柿互动,3651447,100万+,新闻媒体,初筛排除-新闻媒体-内容方向不相关,橙柿互动运营,
MS4wLjABAAAAyXQF245sWpJ6aIGAzndjpRSbcrfINqMvFnr1Hu4cDzfulGtDoTKrhGOkUYpdrnPk,央视主播说三农,3967575,100万+,新闻媒体,初筛排除-新闻媒体-内容方向不相关,可能是中国功率最大的村广播站吧,
MS4wLjABAAAAUdW9QAyB8iWWrt5O4Vi1ZajedcWljM7zHvg5pKNq42OhceGgyc8sHromdGUzSEUq,跟拍,108757,10万-100万,新闻媒体,初筛排除-新闻媒体-内容方向不相关,聚焦社会性话题、跟拍典型人物、记录有温度的故事,
MS4wLjABAAAAv1gQHzKsoKMGsOsoTBMH91-m1yKfyWm_cwseQD8bexf1_UsMuPA3kExx4zd5Bq21,参考消息,6755205,100万+,新闻媒体,初筛排除-新闻媒体-内容方向不相关,"第一时间掌握国际热点动态
及时了解海外如何看中国",
MS4wLjABAAAA8U_l6rBzmy7bcy6xOJel4v0RzoR_wfAubGPeJimN__4,人民日报,201499415,100万+,新闻媒体,初筛排除-新闻媒体-内容方向不相关,参与、沟通、记录时代。,
MS4wLjABAAAAXN8MdfHFeyVNog5ffPznNzbLrN8Or7A8I16gVdIVURQ,李剑,325597,10万-100万,旅行/探险,初筛排除-旅行/探险-无非洲/商业信号,"每周三晚7：30
在“环球时报”直播
罕见的国际问题专家：）",
MS4wLjABAAAAuUQtaul1MbqmMSK2ul5EdRIb2QTYjBGgn8kC1qPJ_XPNjtv6zBYYkKmiDRMiqjRM,户外科普（阿伟shege）,861053,10万-100万,泛知识/科普,初筛排除-泛知识/科普-无非洲/商业信号,"橱窗有同款头灯，更多精彩视频@户外阿伟 
我是阿伟:一名民间的蛇类爱好者
我希望可以通过我的行动鼓励人们来了解这些常常被误解的小生物(蛇)
创作不易，搬运必究",
MS4wLjABAAAA_2v6I8KKXasoZflr7zE9OhrtXCQac_9gXME6qOZ7Z_k,徐德智不在联合国,2558260,100万+,新闻媒体,初筛排除-新闻媒体-内容方向不相关,从大马士革到纽约，从战场到记者间。,
MS4wLjABAAAAmdGfAsikvjhDiSrr5bPpGFoZ3PBS8YuntYlL0nr4Yeo,农业军事SHOW频道,4830,1000-1万,军事/时政,初筛排除-军事/时政-无非洲/商业信号,分享全球工农兵三领域科技,
MS4wLjABAAAAB4J-JqfO_wA5AG98xoa_Yy1nV6fLjj-i--RjlK_yAIRtRhhPZsdqSguYJkCB-JzY,松林说,1930862,100万+,军事/时政,初筛排除-军事/时政-无非洲/商业信号,前联合国军事观察员 军事评论员,
MS4wLjABAAAA8lou4fFJwdvHflG30daS5QtQzzH31obHQOP1kJR3IQc,天才小子（补一刀电竞）,10295,1万-10万,体育/游戏,初筛排除-体育/游戏-内容方向不相关,"优质 pw 枪男 少女 职业 教学 有培负 @补一刀电竞（技术 娱乐）
wx ：houlilike 
kook： bydbyd
社区开黑@PPAP玩家社区",
MS4wLjABAAAAhtVcm4lk-jsHp2QmGWY0MUDTfxniNn2GNWgoznAXgG8,政知道,5754875,100万+,军事/时政,初筛排除-军事/时政-无非洲/商业信号,时政之道，我们知道,
MS4wLjABAAAALwWc_Iu32Zv1QzE0VhKz5887Xa557T9XE2S8uzQ-LEHpCUu-yhvX4Hp3DVCy-KaB,阿墨墨墨,1458,1000-1万,体育/游戏,初筛排除-体育/游戏-内容方向不相关,"有比赛需要解说可以喊我！
个人号：@一个我77 
p🥣、教学、复盘、d、商业合作、比赛解说➕：LQ2490811514",
MS4wLjABAAAAbBk9vmAbPGqmhNQdrtiSFNcqIjNx2lf-vzyaZte9ims,中国网直播,23604668,100万+,新闻媒体,初筛排除-新闻媒体-内容方向不相关,"聚焦社会热点  记录时代“政”能量 
投稿&合作@直播助手",
MS4wLjABAAAAL0n84ugIPv8-1JJuPZGUfpikl3U-ogvltD1zKhcvwnk,Melon,891,<1000,旅行/探险,初筛排除-旅行/探险-无非洲/商业信号,"有意思胜过于有意义
华为离职旅游中",
MS4wLjABAAAAgT7v_18lMhHcAQ_M0HLytGB-zClL0cCmL1H_rTL-J0abugPz74lQRM1-gKjIdPFP,枫子不疯,12087,1万-10万,旅行/探险,初筛排除-旅行/探险-无非洲/商业信号,"长视频不定期更  短的看心情
已环球旅行30个国家
🛰️：361193987",
MS4wLjABAAAAMeXW-YtMAtXbj2XNkEnjRcc1Zbyv0fc6bqcXRljfF-g,宋千里,782,<1000,旅行/探险,初筛排除-旅行/探险-仅非洲无商业,"🌏 骑行环游世界ing
亚洲：🇨🇳🇻🇳🇱🇦🇰🇭🇹🇭🇲🇾🇸🇬
非洲：🇰🇪🇹🇿🇲🇼🇲🇿🇿🇦🇳🇦🇧🇼🇿🇲🇿🇼",
MS4wLjABAAAAUTyUrXfY50vZCLlsgimko_5eDG4iNcARChddktEbh3zABV42F0iHjQKRz-y6MD1o,超哥娱乐,271833,10万-100万,影视娱乐,初筛排除-影视娱乐-内容方向不相关,专注沙雕娱乐趣事，喜欢请关注:),
MS4wLjABAAAA8NdLEkmKkVfS86tLntMMgLjn6qhY2NOL_7MBPOzjqvn-VdseJkK1IoM99hUaeHKN,青海新闻联播,94267,1万-10万,新闻媒体,初筛排除-新闻媒体-内容方向不相关,讲述青海故事，传递青海声音，播发青海新闻,
MS4wLjABAAAAQj6frTK4_6XWcKiDo9FVPqu-RmwuD4VYvpJTDKIoTzsjE8Apj_a4KVFrTTcIBt4K,吉尔德教育院长Andy,31756,1万-10万,泛知识/科普,初筛排除-泛知识/科普-无非洲/商业信号,"Mine-to-Market实地宝石学之父
GUILD 吉尔德宝石学教育院长 Andrew Lucas 
40年宝石从业经验丨宝石界行走的百科全书
关注我，带你溯源宝石源头
从矿区到市场，深层提升宝石认知！
宝石课看这里➡️@GUILD吉尔德宝石学教育",
MS4wLjABAAAAwvqOOeCcUy7kNDdS2aNT8Q4jm3vRy_RG7zyUP3ERp1iSqRuefDqmeOo8yxc_ErgL,战火迷踪,74253,1万-10万,泛知识/科普,初筛排除-泛知识/科普-无非洲/商业信号,聚焦近代热点话题、争议人物与趣味冷知识，让你在轻松追剧式观看中，不知不觉吃透近代史知识点。,
MS4wLjABAAAA5MA5KziwT9yaRQ__CsRogn4zS7a5-_j5NSs8zt5nSZCYMEfGuDYzCPHNA5ocpMBI,意新,454,<1000,军事/时政,初筛排除-军事/时政-无非洲/商业信号,哪怕我可以忍受生活的清贫，可是，我也不能忍受人民以后还在战争之中受苦，安于现状，在“和平”中活着，最后在“战争”之中死去，这样的生活又有什么意义呢？,
MS4wLjABAAAAX4nMPGQdBA6oX6o7lzX8CPdBfX3v2sQxD67eaxwHTyIb5_62HE31Ad6k1YTFd1q7,抖音百科,724072,10万-100万,泛知识/科普,初筛排除-泛知识/科普-无非洲/商业信号,帮助用户最快捷地进行通识知识学习,
MS4wLjABAAAAn-4VE9aMHx--NZyjxQLTVpl4FcQfyKdE25-9ABo1ygs,安夏说新闻,1743,1000-1万,新闻媒体,初筛排除-新闻媒体-内容方向不相关,"安夏｜持证播音｜专注民生热点、政策解读
客观梳理事件全貌，通俗讲清利弊影响
每日更新，关注不错过关键资讯",
MS4wLjABAAAAyMCn8d9wkuqv37JdsQC1looc7bqUWbxLf_8YaICNR3E,闪电新闻,13073610,100万+,新闻媒体,初筛排除-新闻媒体-内容方向不相关,"山东广播电视台新闻热线0531-66661234
求助帮忙请关注后私信（时间+地点+人物+事件+联系电话）
爆料视频也可发送至SDbaoliao@163.com",
MS4wLjABAAAAlC1Qg9gQCfM3IdoCVtkzaDEMdwRGtKm1l-EzxZBlzrE,广西云,587764,10万-100万,新闻媒体,初筛排除-新闻媒体-内容方向不相关,传递广西好声音，传播社会正能量,
MS4wLjABAAAA8Z6aCnBcah1an10evfEo6Sb-IF2s0aQ6BESo2S7ii-G0smfPQHHOSz4IQzQZgemV,阿li剪辑,13585,1万-10万,影视娱乐,初筛排除-影视娱乐-内容方向不相关,"作品不在就是被gf删了
所有视频均自己剪辑
若有侵权立刻删
🈲️二传
可代剪接
看什么剪什么（不喜欢的评论都会删！）
感谢各位股东的关注",
MS4wLjABAAAA39-Yy4znc-r2VgayV_RmvW_XKTnPxfHNje94QOrq_zc,商帮文化研究,7003,1000-1万,体育/游戏,初筛排除-体育/游戏-内容方向不相关,"商会新媒体全案运营服务，商会线下资源链接活动沙龙策划，企业走访报道，企业游学，发起徒步赛事
老乡进群➕shangbangwh
喜欢的达人： @行者中国戈壁徒步  
共创伙伴： @湘商创业风云录 
喜欢的达人：@行走的力量峰哥",
MS4wLjABAAAANdi_NbHYNslB-AjWq4u8Go4lhWmWV4ZrqRcPwlgxJgU,奇妙纪实录,22638,1万-10万,旅行/探险,初筛排除-旅行/探险-无非洲/商业信号,最直观的感受世界各地有趣的生活方式和饮食习惯，躺在床上开启云旅游模式,
MS4wLjABAAAAtlj7-p09i2v7xd-PqDDFweaNzYwBtRxva1iT3dSX64o,中国蓝新闻,5899347,100万+,新闻媒体,初筛排除-新闻媒体-内容方向不相关,"邮箱：chinabluenews@126.com
浙江卫视官方新闻资讯号
热点信息权威发布，社会服务实时在线
欢迎视频爆料+各类提问私信我们
小编的微信：zhongguolanxinwen",
MS4wLjABAAAAlRSpgAABMd2y-vFgN6E0ybnwEMhLkYM_euPZ_cwxf3NCSXeiJvgZU-oHL21gM6Sp,云南昆明远东五金建材批发（招拍摄剪辑）,301951,10万-100万,影视娱乐,初筛排除-影视娱乐-内容方向不相关,"xiao程序👀货品：远东五金建材一站式全品类批发
🙋‍♂️小而全新开五金店理念开创者
🕊️在昆明做实体五金建材批发30年
🏬新开五金店有很多因素，专业非常重要。
🔧产品配比只是其中一点，需要因地制宜。
我17岁开始独立创业成功3次。
22年回家接手父母生意
愿我的经历，能够成为你前进的动力！",
MS4wLjABAAAAuu3dmTsoG8pOASlZ9P3CRdRdMSRVavGQRcka1B1aNpw,房团長（招摄影 剪辑）,311461,10万-100万,影视娱乐,初筛排除-影视娱乐-内容方向不相关,"🌟80后商业领航者
实业、科技、工程、地产、海外投资、进出口贸易多板块布局
关注我！商务:cndc86513001",
MS4wLjABAAAAhZa7jMYZi0-teek4Of7qztFCwACY04VAAmIL8i9nf5enmZDrFcJu_zURVwWvFppg,2号军武,175002,10万-100万,军事/时政,初筛排除-军事/时政-无非洲/商业信号,全球热点追踪｜科普知识传递,
MS4wLjABAAAAQDl1Xih80XI_YbYE2DojDePzxIqhsXh_coWfkiR_ulBw7PNgRPEHj0ZDE-G7VPQT,科普课堂,1008083,100万+,泛知识/科普,初筛排除-泛知识/科普-无非洲/商业信号,观地理万象，品世界斑斓,
MS4wLjABAAAABgcCiiTC5EV5Y2VCAoYHiBcB6MZKHKEQX-xJLrBMKbOmrGemXjOcQr_sG0PnkFPK,晓嗨故事屋,63622,1万-10万,影视娱乐,初筛排除-影视娱乐-内容方向不相关,"晓嗨故事屋🎬
只解说有趣且有意义的故事🥰
真人配音，侵权必究！
商务合作：yanx3211",
MS4wLjABAAAAVOjfu_XLA6cwor9VIf4YzD32_CpGg7P6fKJYxsXUT6s,CCTV4,7864425,100万+,新闻媒体,初筛排除-新闻媒体-内容方向不相关,抖出你的国际范儿,
MS4wLjABAAAA4boqGsV9rAdpDmKWsKsABDV-eFJ7hO3CvupjluRAjkA,哲趣视界,6289,1000-1万,影视娱乐,初筛排除-影视娱乐-内容方向不相关,一样的剧情，有不一样的解说。,
MS4wLjABAAAAy36YuWp6dwofP9KAtXe1l3AohTjIwEeOp5C30lM5Kg4,环球世界·科普局,143130,10万-100万,泛知识/科普,初筛排除-泛知识/科普-无非洲/商业信号,"走进中国地理，博览世界地理；学习中国历史，认识世界历史。从关注开始，带您遨游世界。
联系：739041405(v)",
MS4wLjABAAAA1guRdMNSSO6-VLVg9ePQybXXoXFdFC1Dd-n14pcuBR0,时政姐,195606,10万-100万,军事/时政,初筛排除-军事/时政-无非洲/商业信号,时政姐，一位带你打破固有思维、跳出世俗局限、穿透表象看清本质，看得更远、更透的深度自媒体人。@时政姐（小号）  @观潮评,
MS4wLjABAAAAMLLLxjtvMkzeKiSZfu5gth3F22kCa5bep9Ay3aDVkmQ,放开那历史,242010,10万-100万,军事/时政,初筛排除-军事/时政-无非洲/商业信号,"历史观察｜国际局势分享｜@东方点兵 内容支持
星图v: df17319953771",
MS4wLjABAAAAQJmPHicGbVTNyiaU5nea8ymZe3NplZjB91et0bBaAMFoNPr8XV24L-6-WjhIC8Tq,新闻深析,1559,1000-1万,军事/时政,初筛排除-军事/时政-无非洲/商业信号,国际局势分析 新闻启示录,
MS4wLjABAAAAfRmEWfTV05soayVvrGEmYu2-5P98n764AvACPAXt6WjRBsB3cp6-Sa3AXqG-YKha,货代小导游Rebecca,84,<1000,体育/游戏,初筛排除-体育/游戏-内容方向不相关,"十余年行业经验，具备专业的国际货运行业知识和丰富的实战经验，曾主持和负责多个国际性大型物流项目的运输，如承运冬奥会官方指定物资及比赛用品，擅长处理进出口空运/海运的端到端全链路服务，以及华北地区的危险品货物运输，TANK领域钻研生。
服务热线：15620695699",
MS4wLjABAAAAaE54BjnW535dzpClwLONz-Oh-N3IXJxN7u5_SKb0VoOJFqP7qr0-JUfx9jDuHOFh,斜杠地理课堂,19569,1万-10万,泛知识/科普,初筛排除-泛知识/科普-无非洲/商业信号,1️⃣：研究地理考试与教学60000+,
MS4wLjABAAAAo8hfrUXSK_tDpQ296f-YrIOrevTSQeM4WXkuE_pm71tLP64HufshwVB-XNRJh_BE,军迷集结号,356187,10万-100万,军事/时政,初筛排除-军事/时政-无非洲/商业信号,只是喜欢军事武器方面，说的不对，接受指正🙉🙉🙉,
MS4wLjABAAAAWJIKayypgLBufAFlrayZ8P4Oyqbs6NE20mL6ZKZQc5GPk-b-Zh3F9AMCoCWA6zKK,全球军情速报,432,<1000,军事/时政,初筛排除-军事/时政-无非洲/商业信号,第一时间更新国际军事热点，客观理性，只做有价值的内容,
MS4wLjABAAAAGqiWrhMdBpvwm0AYVdkTahJJpZad_1k7Qieivj2LhswDIlReBG32eHsuqrd7qGY7,娱乐小番茄,16644,1万-10万,影视娱乐,初筛排除-影视娱乐-内容方向不相关,,
MS4wLjABAAAAlxYQCIePGm8W8pWvvC3Ic72V8yIjpG8j96sAcLT6fOkK2U0EDKzuMjZxsm11wxeY,娱乐课代表孙小寒,4288152,100万+,影视娱乐,初筛排除-影视娱乐-内容方向不相关,娱乐正能量、安利不能停👩‍🏫,
MS4wLjABAAAAu3NzZ8d9uD9X3KkpKevWcxBYF6to_HtT0EYatkz9rxGxPsc1QocyRstpUYL87eSy,✨万家小厨✨,638,<1000,军事/时政,初筛排除-军事/时政-无非洲/商业信号,喜欢的达人：@国防时报TV,
MS4wLjABAAAAym-xdSogtiVZqagRYxyqbyxXppIsYI7_GE2p9hLmaPLXTZdqiTX-4pNLROF9S86n,军武小白,33529,1万-10万,军事/时政,初筛排除-军事/时政-无非洲/商业信号,,
MS4wLjABAAAAuLqa87qNJ7C8uxsOHrGgdOYC94PYPxY7OdHpKH7trffI4tKMVS9Bu2lveOEjofqc,非洲旅行者,237588,10万-100万,旅行/探险,初筛排除-旅行/探险-仅非洲无商业,"非洲行者
记录非洲工作生活
欢迎大家
关注点赞和评论",
MS4wLjABAAAAKbnSrb8wVe_CWBDcelw7MTmg_SyX89RIQ_VhRz0ATY8,雷·sir,438099,10万-100万,旅行/探险,初筛排除-旅行/探险-无非洲/商业信号,"✈️旅行|📸随拍|🏠生活|🎧音乐
一段视频，一段音乐，一个故事",
MS4wLjABAAAAW6L7EKX7e2V59glEGy6MpSOnr8Ol7a0rPN67CYml3YQ,老邓和克洛伊（环球自驾）,124041,10万-100万,旅行/探险,初筛排除-旅行/探险-仅非洲无商业,"开绿牌国产粤A车带妈妈们自驾环球
2024-2025 自驾穿越欧洲33国 非洲22国
愿我们一生温暖且自由
围观环球朋友圈&车辆出境手续 vx: chloeandfrank",
MS4wLjABAAAACGjpn1EMvmi92EtOhfwo8k1v3c7oc4AWwfOOqeu0sRg,娱乐鲜报,1131619,100万+,影视娱乐,初筛排除-影视娱乐-内容方向不相关,"这个互联网什么时候能多一点幽默细胞
真是没招了(¯―¯٥)
商务→18210793777
账号不出不出不出！
如有侵权请联系删除谢谢！",
MS4wLjABAAAAXoDIXx9UDJtDcE_-zuzqIO3_bjbpVBonzdhm78sJ0lZ3m1Sj3sKglSP4r5AoSAup,娱乐细节崆,251067,10万-100万,影视娱乐,初筛排除-影视娱乐-内容方向不相关,谢谢你的关注,
MS4wLjABAAAABhSmZYAtFN0FZxwocMtiJF9-uKR0WssM87e7K8ySZs0,牙齿很白在旅行😁,14309,1万-10万,旅行/探险,初筛排除-旅行/探险-无非洲/商业信号,"独自背包旅行十年
喜欢旅行喜欢乐高喜欢美食 是一个有趣的人 😄
希望可以继续探寻这个最真实的世界🌍",
MS4wLjABAAAAFsvgUSBWe8UoGjUUyI917ErVNN73-7YDbWgGKjbH8-A,博斯普鲁斯的猫,143,<1000,旅行/探险,初筛排除-旅行/探险-无非洲/商业信号,热爱生活 活在当下 喂马劈柴 周游世界,
MS4wLjABAAAAUbNoIORygFUZURqbRt-ZCx04VzB6MfsxiXqfueul-6OD42EQa0BiLtQc4L9aknVX,蓝战非环球旅行,129395,10万-100万,旅行/探险,初筛排除-旅行/探险-无非洲/商业信号,"蓝战非环球旅行🌏
我可以死在远方，但不能没去过远方
《蓝战非官方授权账号》
实时更新直播和最新动态内容",
MS4wLjABAAAAT7DvK8x2LIvIQUak2A-ZbCqKIgsFJdNai9dFKQNtPe0,环球面包车,321115,10万-100万,旅行/探险,初筛排除-旅行/探险-无非洲/商业信号,"2018.6.3 五菱面包车-环球之旅
碌蔗哥，V❤: a90570315",
MS4wLjABAAAAehnL_VxHHy_IRR7gf6d17o6hgSD2HVbfoHJuiglK2XrbpFxVzm-AyJ7enyXwTyfA,雪域大作战,4082,1000-1万,军事/时政,初筛排除-军事/时政-无非洲/商业信号,在冰雪覆盖的山脉中计划战术，冷静与坚韧的考验。,
MS4wLjABAAAA_CgO8FihwdT444iEre3MzIZloXViQDxqIS50jkHtQ_mqSRkJhIx-Q-yvXZlzlifL,局势猎人,73,<1000,军事/时政,初筛排除-军事/时政-无非洲/商业信号,"全球热点，都是猎场。
我负责找出背后的输赢逻辑和普通人能用的生存策略。
每天一局，练就你的局势嗅觉。",
MS4wLjABAAAAfNAJc_ALT0TwXti17yRkUJWcJa5bYQYF8ySer1oHJv7TfXf0nLb6cJvh6SDkw0g4,小茹不废话,36440,1万-10万,泛知识/科普,初筛排除-泛知识/科普-无非洲/商业信号,"各类知识都科普。
同赛道百万流量操盘手。",
MS4wLjABAAAAhy5IIeqFu-aHb7P17IAr-bAdh_ULEkZEt02Yv1V7KSnic2HWx6fdyZlqxfyNZ4fV,非凡大课堂,1096,1000-1万,泛知识/科普,初筛排除-泛知识/科普-无非洲/商业信号,"Hang on to youtr dreams✨
知足且坚定 温柔且上进✨
关注我❤️学不进去了就来看看我吧",
MS4wLjABAAAAZ8WXoga_UcWSk7-M_lp_4qZ-Mdat7dDGc-L73KUCQz1NLWJ2ygh7hiIY7jj7cqUd,潮新闻,23812596,100万+,新闻媒体,初筛排除-新闻媒体-内容方向不相关,"潮闻天下
爆料邮箱：tidenews_bl@126.com",
MS4wLjABAAAAzXeyqc5c_wCG8Zf2YqK01cZ3Lp4vLKjKb0tqqk16ACU,地图解天下,210295,10万-100万,旅行/探险,初筛排除-旅行/探险-无非洲/商业信号,"🎈地理、人文、历史、探险瞎唠嗑
👀承蒙厚爱，感激不尽🥰
祝关注我朋友，2026都发大败💰",
MS4wLjABAAAAm2TVGzybVhW5Kgqyv1n_X0LN1ezvRR6-TNeMiSFBnV3sBfwTPpMhnjfXVIiz5W_k,宁波移动电视,281798,10万-100万,新闻媒体,初筛排除-新闻媒体-内容方向不相关,新闻有温度,
MS4wLjABAAAAJSjLx5ZbOY4B3xRQ9KLQaF5MWG60W-V7fhW5wLswyVo,直播日照,13653634,100万+,新闻媒体,初筛排除-新闻媒体-内容方向不相关,传播正能量 直播新时代 爆料、投稿、反馈： 抖音：rzshaonianyou 商务合作：0633-7989677,
MS4wLjABAAAAEC4k80AXYUW8MviNp5PfXCPeUvNFsEVSCvXrqi_MqcrdQwcr1TI_MOCgz7w0-cjq,维克电影,1199,1000-1万,影视娱乐,初筛排除-影视娱乐-内容方向不相关,一部电影就是一种人生📷,
MS4wLjABAAAA25WSPyDtT_Af6KhP3nOK5WkCd5Po_N6ujfG6t-mRqp4,云上襄阳,537289,10万-100万,新闻媒体,初筛排除-新闻媒体-内容方向不相关,"云上襄阳官方带货直播间
您的放心之选
错过直播的同学
橱窗24小时为您服务",
MS4wLjABAAAAlQZn6Pg8ZOl1c8ViC5lSEI3wkyBuStOxp0LLNrJ8snlDFKQLpsfVtmiJtIEwCvwX,新周刊,846670,10万-100万,新闻媒体,初筛排除-新闻媒体-内容方向不相关,中国最新锐的生活方式周刊。,
MS4wLjABAAAAoCKB5oMwuIL9YqwLtgXzU1hZE8DrQlWHarD65LwPYew,封面新闻,27062687,100万+,新闻媒体,初筛排除-新闻媒体-内容方向不相关,"坐标四川，放眼全国，专注原创 
在封面新闻，了解权威信息，看真实新闻故事
（互联网新闻信息服务许可证：51120170004）",
MS4wLjABAAAA63lfGWwfTT3lEXW-Ed3sVjk2YckjghhItlKlqjMcWSUG_jmlDQTdsass9wqNhES2,迷彩视界V,879656,10万-100万,新闻媒体,初筛排除-新闻媒体-内容方向不相关,每一段荣光背后，都有无数故事披沥苍茫,
MS4wLjABAAAAqni7L8I9ge-ZfXL5UquaIDYvCIk2R8Cn4q4q_sUmepQ,老冯看篮球,82665,1万-10万,体育/游戏,初筛排除-体育/游戏-内容方向不相关,"感谢所有相遇的人🙏NBA赛后分析
⏰每晚八点直播
全网最支持小卡的博主，同时祝福登哥拿个冠军
主队：快船 骑士",
MS4wLjABAAAAxKVgAPZ0CV0gTKbgf-GWMX05KBU6ENJm19-xAfl18ks,500体育-亿创传媒,69993,1万-10万,体育/游戏,初筛排除-体育/游戏-内容方向不相关,"关注500网 获取体坛最新热点资讯
初心不改 还是你记忆中的老500
感谢关注♥️",
MS4wLjABAAAAvdptfU_z3iOrQPpg3P-5Hv06FUeIeejCCi1CzOAI2rY,kb布莱恩特体育,442107,10万-100万,影视娱乐,初筛排除-影视娱乐-内容方向不相关,🏀每天更新精彩解说作品，谢谢大家的关注,
MS4wLjABAAAAuJDPOZcrXoqZfujBfeYpkBzeWn7l4lUzVZPF_6pRoSc,巨星足球⚽️李哥（合作世界杯）,415349,10万-100万,体育/游戏,初筛排除-体育/游戏-内容方向不相关,"足球ip孵化｜足球号代运营｜各类足球视频教学培训
多位抖音蓝v体育｜电竞官方号运营成功案例✅
沙特看球旅游/给球员送礼物/产品  
miko88820",
MS4wLjABAAAApMWKjMrnjY3G2vGcuRH2uUcbjOBwbezKZtS0hqsiCYRv012wl99hkgIigiw1J2pG,自由像风,68659,1万-10万,旅行/探险,初筛排除-旅行/探险-无非洲/商业信号,"5、6 月新疆西藏自驾拍摄中
野生风光摄影爱好者
粉丝群内不定期分享哈苏Raw原图",
MS4wLjABAAAA4h31zjQo11s57aS6S5niLzWXRglzVZz6yOzw25vov5e7uSr73Ca2WPeeMLTOtzQQ,戏宇宙,538516,10万-100万,新闻媒体,初筛排除-新闻媒体-内容方向不相关,"弘扬戏曲文化  传播中华之美
中国电视文艺“星光奖”优秀戏曲节目",
MS4wLjABAAAAYKZ4mHttpuycUIJJNKo-VNRbuLDqZw9ZsEesU0eWd14,解说员王正坤,394722,10万-100万,影视娱乐,初筛排除-影视娱乐-内容方向不相关,"2022年世界杯、2024年欧洲杯官方解说
《你好，世界杯》《你好，欧洲杯》作者
商务请联系eco-202",
MS4wLjABAAAAQigIT5MVkMqXPjVjOVpNjvgm9A-fvD5Gs6rrGu7BGck,小鱼视频,12357866,100万+,新闻媒体,初筛排除-新闻媒体-内容方向不相关,"跟着小鱼看新闻。

征集那些让你觉得“人间值得”的暖心小事，让快乐和感动裂变！投稿邮箱2441209207@qq.com （时间+地点+人物+事件+联系方式）",
MS4wLjABAAAAKTqMNbL5JNynBscg79Y6ZgDtjeEqejk0CEH53X97j8U,Fsense足球发球机,14909,1万-10万,体育/游戏,初筛排除-体育/游戏-内容方向不相关,"率性之谓道！
一语惊醒",
MS4wLjABAAAAdFh_h5hXrU0wTjuM_xRKNmEIju-P3Pux4bGtNZGF-GHZshQ3DE0Rz26sIu8COyDB,妖秀战红尘,41863,1万-10万,军事/时政,初筛排除-军事/时政-无非洲/商业信号,所有的战争电影，都是一声沉重的警钟。,
MS4wLjABAAAAFtEpY21ooA0Hst9kO7ECCZ6jsGwyqks3UozZ5dR9MlXpzadsu4KhGdqOLOtLC7TU,国+社区,19652649,100万+,新闻媒体,初筛排除-新闻媒体-内容方向不相关,关 注 社 区，关 心 中 国,
MS4wLjABAAAArE8Q1UxIFESrPNuWtey9za8WiJzdoK4iT3DjZHziLTXW96hlSjoQrBI50xvHh1YI,篮球显微镜,1401,1000-1万,体育/游戏,初筛排除-体育/游戏-内容方向不相关,篮球是生活中很重要的一部分，分享一些被遗忘的篮球故事,
MS4wLjABAAAAqSGUqRwiBbR86m3XmluMWLt-kYomuxWiGUOofviDDkA,极乐足球,1115820,100万+,体育/游戏,初筛排除-体育/游戏-内容方向不相关,"⚽探寻球星们成长轨迹
🎁解锁足球人生的热血与感动
✏️招募高质量文案写手↙
❤️商务/教学 kaiye77888",
MS4wLjABAAAA_Kluflk9NQ3OVLxJPFxfPXon2S0osPp-43hF8s408TQ,视听新时代,4658933,100万+,新闻媒体,初筛排除-新闻媒体-内容方向不相关,,
MS4wLjABAAAA3saIvRgpwv7a2ybpcHA_RRVypcTTSBTfgEVeWsvlsgM,科学疯子,2028965,100万+,泛知识/科普,初筛排除-泛知识/科普-无非洲/商业信号,创意有趣的知识科普,
MS4wLjABAAAAxG-og2Q6H0H3qzvFBA4Qx4O0R2fBWrU18sxsqV6e6I0,大飞环球地理,786570,10万-100万,旅行/探险,初筛排除-旅行/探险-无非洲/商业信号,"🌍从人文地理到自然景观
🌴带您探索地球的每一个角落",
MS4wLjABAAAAzTZRbFE7UiXi4m_iGTwKa1EVoX879Z5Yyq5KgmsM0jqulEt-lg6u7HwHfXPk8xBY,梅戈,149094,10万-100万,影视娱乐,初筛排除-影视娱乐-内容方向不相关,"足球赛事评论员
转会市场观察员
咪咕二台解说：英超｜西甲｜中超
共创伙伴：@梅戈（生活号）",
MS4wLjABAAAAaFHHWscXfczeVdaxAjD486Q0ry7lYHNujMvA9I3EQfw,辛集融媒,214991,10万-100万,新闻媒体,初筛排除-新闻媒体-内容方向不相关,#分享更多好物,
MS4wLjABAAAAaBBPXj-FKVPiHSKWE-VFj9oCiGDCQfNyrTwqfRhr9QQ,玉田融媒,195577,10万-100万,新闻媒体,初筛排除-新闻媒体-内容方向不相关,"玉田广播电视台官方账号
讲述好玉田故事，传递好玉田声音！
投稿:615194856@qq.com",
MS4wLjABAAAA7GS9TFE5UzDxS6Js8CARkgzwya_bodYbQZ7v1qaVI6k,魅力的足球,131149,10万-100万,体育/游戏,初筛排除-体育/游戏-内容方向不相关,,
MS4wLjABAAAAoyu_bMoxP_LDqnd-Vp-PWRmJN9ayHhMfLNLy8DajBTY,中国经营报,835461,10万-100万,新闻媒体,初筛排除-新闻媒体-内容方向不相关,中国经营报抖音由《中国经营报》社有限公司运营，与中国企业同步成长,
MS4wLjABAAAA_LbqfoBHvUFK2VJ8bBAq54Ev28qvks5sKU4dqTqiQVY,鯨森🌏环球漂流,2997,1000-1万,旅行/探险,初筛排除-旅行/探险-无非洲/商业信号,"INFJ。 🗺️200+旗帜 环球ing….
流水账→     @鯨森🌏漂遊途記
漂遊故事线: 🇨🇳🇱🇦🇹🇭🇰🇿🇳🇵🇰🇬🇺🇿🇦🇿🇬🇪🇦🇲🇧🇦🇭🇷🇷🇸🇹🇷🇲🇦🇪🇭🇲🇷🇸🇳🇬🇼🇬🇳🇨🇮🇦🇴🇿🇦",
MS4wLjABAAAAgUMksYvzqeyiom4pzWjJV-0hoCCHgSU3xXuGo69Nz4hEyXFs4R4i7a-Qy1PBnDa4,体育锐评,1303,1000-1万,体育/游戏,初筛排除-体育/游戏-内容方向不相关,"记录赛场每一份热血，传递体育最本真的力量

聚焦每一次突破，致敬每一份坚持，热爱永不退场

以体育为媒，连接热爱，分享竞技与成长的故事",
MS4wLjABAAAA9dS2LmzL-YE834F8og5fUgrbMa1EZu7GKpor50Gb1R9ji6wdGqlNuOV2PVhV1Glz,绿茵论球,93,<1000,体育/游戏,初筛排除-体育/游戏-内容方向不相关,"绿茵场上见高下，
方寸之间论足球。
每日更新足坛资讯、赛事点评、球星深度解读，
关注绿茵论球，一起聊最纯粹的足球。",
MS4wLjABAAAAoHInnWbnZ-Odp34gdLP8UfFz2jZnKg_aUqAU1KF9a9hnp6UQj-x9TWYoHkjo4zIq,咪咕足球,1699236,100万+,体育/游戏,初筛排除-体育/游戏-内容方向不相关,下载咪咕视频APP，看中超联赛、欧洲五大联赛、国足赛事，更多精彩足球内容等你解锁！,
MS4wLjABAAAAIVoiDB4fRX3Oy208vHudylvQHnZ0m6KES6N4O_wpvlM,爱义乌,1746191,100万+,新闻媒体,初筛排除-新闻媒体-内容方向不相关,,
MS4wLjABAAAAgq8cb7cn9ByhZbmx-XQDdRTvFzmJeBBXOUO4QflP96M,央视新闻,184969902,100万+,新闻媒体,初筛排除-新闻媒体-内容方向不相关,我用心，你放心,
MS4wLjABAAAAl8b4I8gsk_64xy31k4e4q8iNNQXxnC0EI3YuV8-H2NM,环球自驾旅行胡哥,920229,10万-100万,旅行/探险,初筛排除-旅行/探险-无非洲/商业信号,"职业旅行家丨环球自驾20年
目前为止自驾旅行穿越60国！",
MS4wLjABAAAAOCiHUDX32_yxoBYzpMNx2CRw6yq7I9ZAjpp677nyHgc,海峡新干线,24728839,100万+,新闻媒体,初筛排除-新闻媒体-内容方向不相关,东南卫视台海一哥，领略台湾，放眼国际，家有《东南军情》、《台湾新闻脸》两小弟，三连关注必须走一波！,
MS4wLjABAAAAWq25jqPRMg0zabrL7wyLjZcv78npGXkttjs240Pr7Y8,大巴体育,31305,1万-10万,体育/游戏,初筛排除-体育/游戏-内容方向不相关,"每天更新体坛名场面 冬奥会第一手资讯
体坛越来越爆炸 快上大巴别落下
一个激发你运动欲望的体育宝藏号",
MS4wLjABAAAA5zgyjzcf-QAYOB4o8-ubEdZj6YVf1YUjmr2p9Efc1NE,秀我中国,2790996,100万+,新闻媒体,初筛排除-新闻媒体-内容方向不相关,走遍神州大地，秀我多彩中国。,
MS4wLjABAAAAPXAhBbK14tBOpN6eI9DpDTpolo3IehJTV1XhtdqqIumCjiLiYbSpgOUOE5EUk_sy,足球记忆,2901334,100万+,体育/游戏,初筛排除-体育/游戏-内容方向不相关,"发现瞬间，记录永恒📹
《美加墨球迷指南》🏆已上线
《2026世界杯26大巨星》即将上线
商务合作：wpacxh",
MS4wLjABAAAA_w1jcNvWS8o1FJDoNCIbaiaEXb4ePppdjfP4uNnkwRc,经济日报视点,6949488,100万+,新闻媒体,初筛排除-新闻媒体-内容方向不相关,经济日报视点,
MS4wLjABAAAALy5Md5N9R3hj1lUX9ODbHKKU8wJaa8WSXmlvaQK3WRU,极竞体育直播,9967,1000-1万,体育/游戏,初筛排除-体育/游戏-内容方向不相关,"球赛直播
赛事回顾",
MS4wLjABAAAA9l6HZmSB7WMimVh3H2YhqoqPxaP5gbcL7PM8sdfIMkc,游戏漫聊,12176,1万-10万,体育/游戏,初筛排除-体育/游戏-内容方向不相关,"在这里你可以追忆童年，寻找褪色的老游戏，重拾快乐时光！

这里有最详细的游戏介绍，也有最极限的游戏玩法！

欢迎大家订阅游戏漫聊！",
MS4wLjABAAAAOeLBwLNiHqk551n3zgcJt-bgCtMpPj-VTfkINpN_y6o,山东三农新闻联播,2721947,100万+,新闻媒体,初筛排除-新闻媒体-内容方向不相关,"喜欢请关注➕点赞🙏
投稿➕合作请电邮：snxwlb@163.com",
MS4wLjABAAAA4Q2t7B8SEFtDfH0AdTzicMjtj6hNc3ET4p-qtY8khTw,体坛门面,44189,1万-10万,体育/游戏,初筛排除-体育/游戏-内容方向不相关,"追踪竞技体育【田径、足球、综合格斗……】
定焦各赛事门面人物！",
MS4wLjABAAAAP8m2PvFFtbsSVjvv3zWhULARo3gB_U3h9giL6mnqnxw,樱子解说,4825,1000-1万,影视娱乐,初筛排除-影视娱乐-内容方向不相关,"📷Tokyo
分享每一处美好时光",
MS4wLjABAAAAKVMgYQb14muk7FHsfLrPok-khX-ZotzXJlPN6Gf8XuzgD7OnRlFAf4dIHjQMGZxJ,纯白足球,1575,1000-1万,体育/游戏,初筛排除-体育/游戏-内容方向不相关,大家好，关注一下喽,
MS4wLjABAAAATfv5PPHmmQC97xOZtEE2gQhBqnRcvZHuMMp6DE_NlZo,山东体育休闲频道,1068673,100万+,新闻媒体,初筛排除-新闻媒体-内容方向不相关,山东广播电视台体育休闲频道打造的，涵盖齐鲁网体育、闪电新闻体育频道的融媒体育账号。,
MS4wLjABAAAA8stkiDYYPi9OHyvCPK9BYeJCZZUaZ6-5C1JNdJVzM5c,Q-Box好奇心便利店,34819,1万-10万,泛知识/科普,初筛排除-泛知识/科普-无非洲/商业信号,"用简单有趣的方式讲解复杂知识，让你轻松涨知识、天天有惊喜！
无论是日常生活中的冷知识，还是你从没注意过的科学小原理，这里通通都有！
关注我，一起用一分钟学会一件新知识，让好奇心变得更有趣！",
MS4wLjABAAAArtK6GSb4fe1kLUiXJgx9Gfbe22_P_DmvIJlVTTtjnj8,WFC沃特福德足球俱乐部,52645,1万-10万,体育/游戏,初筛排除-体育/游戏-内容方向不相关,英超沃特福德,
MS4wLjABAAAAY2lUjc8EomWfwEccWy4GZAe_5G-41AW50dRvjwd3ZTsFv4nu196bt-Foeaiqzag-,表锅爱足球鸭,307270,10万-100万,体育/游戏,初筛排除-体育/游戏-内容方向不相关,"⚽️：感谢各位关注❤️
⚽️：每天分享精彩比赛❤️
⚽️：橱窗各种球星系列好物❤️
⚽️：视频代制作-运营-请看⬇️❤️
⚽️：（👉⚽️👕）（合作）🛰️：biaoguozuqiu（本人）",
MS4wLjABAAAAXBdlQKa2eBCZefFFtqRNT9xWP0UFmdkt3_TIbb03hUg,NBAHOOPPARK 篮球公园,2239465,100万+,体育/游戏,初筛排除-体育/游戏-内容方向不相关,NBA HOOP PARK篮球公园官方账号，开启你的主场！,
MS4wLjABAAAAnZRvyJGT4gjh4vEvm1ibKNsg4-tv4HgYlLwOH-gW6Nw,科普碎碎念,56898,1万-10万,泛知识/科普,初筛排除-泛知识/科普-无非洲/商业信号,每天几分钟，带你解锁宇宙冷知识新知识！,
MS4wLjABAAAAtG0p1I1CfciWJ55NVftTtov2fBtzjI_BvrKOcqpVCEeJ8cscBPT8C1OWt9GOaIBc,广东新闻联播,1521521,100万+,新闻媒体,初筛排除-新闻媒体-内容方向不相关,"粤TV矩阵成员
广东广播电视台《广东新闻联播》栏目官方抖音账号",
MS4wLjABAAAAQvXM7_hQ2aX2NJ5OiWaw43Hri-LlS8EwZGqHVQbMvMk,边缘梦想家,379415,10万-100万,旅行/探险,初筛排除-旅行/探险-无非洲/商业信号,"☞环球街溜子
用声音和观点，带你看真实又好笑的世界",
MS4wLjABAAAAFq-9ltASAxlaILSWNjgo3cPnZBgg7WkHW56wTzycwnl1FvEnrTEG0_nafr9oh3DN,狂人体育,15492,1万-10万,体育/游戏,初筛排除-体育/游戏-内容方向不相关,,
MS4wLjABAAAAtSFPPIlOBmQpkTGDxnC1MmzdFr4YJvjKL7BEeDBMbLhmFVnt1PjGEjLRcXlXmU1p,楊铭足球,150363,10万-100万,体育/游戏,初筛排除-体育/游戏-内容方向不相关,"世界杯四年才一届，又何必在于一时呢
     他的心永远为克罗地亚打着节拍
   ⚽️ 足球是值得用一生去热爱的 ⚽️",
MS4wLjABAAAAMkW9-AMKnPv2Pxfx6ULOVhxqW_hosskiLZJxvNycr10,小文篮球梦,993294,10万-100万,体育/游戏,初筛排除-体育/游戏-内容方向不相关,"体坛人物故事，经典赛事分享！
感恩每一个关注！
有事请私信，注明来意，ヾ(≧∇≦谢谢≧∇≦)ノ",
MS4wLjABAAAAal4gje4d39ZOJ_8-9iYERrEVTCXqfaJd6Wm9-V9pF1pOwIlqeA-CKFu3oNSgrNSr,小周侃球,823095,10万-100万,体育/游戏,初筛排除-体育/游戏-内容方向不相关,"保持热爱！做最快最好的足球❤️
杜绝任何博彩，请勿相信所有比赛推荐内容！
商务/运营：19062817021",
MS4wLjABAAAA40iznPHvotPHw4VR2S4paywMbGUdPTc85b0Y5FbCIMUE3bq9THl6eha6dNTWaC2H,天蓝足球（赛事速报）,1311443,100万+,影视娱乐,初筛排除-影视娱乐-内容方向不相关,"·足球赛事剪辑，锁定天蓝足球！
·欢迎加入主页粉丝群，一起畅快聊球！
·商务/各大赛事代剪：liv475951151
·世界杯速报解说更新在@小杨足球（深度复盘）",
MS4wLjABAAAADFXEtUGCMR3lLMr7NHhM3sfwJwo9_pLDkZXGtqjmbAzfTVSdiqaqnDANxx_pAIKJ,何胜0423,466879,10万-100万,旅行/探险,初筛排除-旅行/探险-无非洲/商业信号,"传说中的“退钱哥”
中国足球忠实拥趸🇨🇳
旅游/美食/运动/生活
始于足球，不止足球⚽️
✉️4202767@qq.com（备注来意）",
MS4wLjABAAAAcK_zDS53dQgPvuA5_YOx3VrrzS5hui5mtayR43hYt9-xicbC2dtNB3jrumQvqfiF,ESPN足球馆主,35606,1万-10万,体育/游戏,初筛排除-体育/游戏-内容方向不相关,"这里有欢笑，这里也有泪水
这里有传奇，这里也有新王
曼联皇马双料非著名球迷
长期招聘剪辑师🈴：loveme7268",
MS4wLjABAAAAketT1gafVY3dvBfucobRusInoGsofeK9bvcB04MB-sY,阿成讲热点,3488,1000-1万,新闻媒体,初筛排除-新闻媒体-内容方向不相关,"每天2分钟，讲清全网热点新闻
专注社会新闻 / 民生事件 / 热点争议
关注阿成，帮你快速看懂每天大事",
MS4wLjABAAAAihytswzai2st3GKYVdsxrA6dta8zR5d7SPZI_nrhENq-zP58fwXl6w9H8mO0WwxE,米兰体育用品装备批发城,1,<1000,体育/游戏,初筛排除-体育/游戏-内容方向不相关,,
MS4wLjABAAAASNW2mRaDf4DuMhoXTYQUWFo1cDMnjCZgvSbR6qD_hMdQFsPOYOsdnIqkCjUByuMc,凤凰网国际,441935,10万-100万,新闻媒体,初筛排除-新闻媒体-内容方向不相关,关注凤凰网国际，带你看到此刻的世界,
MS4wLjABAAAAEIoaAGXbJ0ENi7xzHXT6F_uLpFP6Fix-E2di_ai2R6ZClilDz9bz3SnIBQE8vbgq,晟泽足球论,25,<1000,体育/游戏,初筛排除-体育/游戏-内容方向不相关,全网同号晟泽足球论,
MS4wLjABAAAAzfrmtJnXj5kyIOIJ6A8Z_U4OU1bA-VKWVcHYdE-Xqq0THrY94Lx6rFNzFeWu-gBz,极至足球（热点速递）,27141,1万-10万,体育/游戏,初筛排除-体育/游戏-内容方向不相关,"五大联赛持续更新！
唯有足球不可辜负！
代✂️+商务 jizhizuqiu",
MS4wLjABAAAA3x5zvMyEoeuc9l-vKzGMoNl7vAIWhSjg2IuYQJdVxlY,橙子北看台,399767,10万-100万,体育/游戏,初筛排除-体育/游戏-内容方向不相关,"30年资深球迷
2014巴西世界杯特邀官员
爱足球，爱赛事，认真思考每一场比赛
创过业，出过书，全心对待每一个粉丝
⚠️全网唯一，不主动联系，谨防受骗",
MS4wLjABAAAATi3Tvi0o3WwNsmcisIhY7iM9S3ngIW6Jtp5tVe8aZL7YH37OQRsj4Rdy9HhDfNR9,彩臣原创,106,<1000,体育/游戏,初筛排除-体育/游戏-内容方向不相关,彩臣足球，篮球比赛,
MS4wLjABAAAApDNL4JL3KHhLO6QOMdI7SdmUSfU3CbEpe4AqI6yL2du3vrE9_9QNbRRhpnRA-VW8,小鹿的AI工厂,9,<1000,影视娱乐,初筛排除-影视娱乐-内容方向不相关,"零基础小白，正在用AI疯狂产出各种视频作品
🎬 用AI解说世界杯，只是一个开始
💡 关注我，看你也能学会的AI创作之路",
MS4wLjABAAAAxzz0RZqiLcwpD80lPCFT2upyrHDlLYDevMyuTOpHtEI,咪咕体育,7331118,100万+,体育/游戏,初筛排除-体育/游戏-内容方向不相关,"下载咪咕视频app 2026美加墨世界杯
6月12日-7月20日 上咪咕看全场次直播",
MS4wLjABAAAAIftYkedchCn6t5Bejy8yzd6nSe5i2kQSYQvWvSVUQ2s9LOi_UuaFd6K-7zxfezpB,幸运的童童（世界杯赛事解读）,1129,1000-1万,体育/游戏,初筛排除-体育/游戏-内容方向不相关,"体育彩票实体店｜专注足球篮球赛事分享
理性购彩 · 公益体彩 · 同城到店交流
📍莒南线下门店 · 只为热爱体育的你",
MS4wLjABAAAAuvrpNQDlq6T_m0YXAKJt3RgdAA5feg6sR6ECpL5GP_xS1VZWGmm1OiN4pp3LKsy5,白叔体谈（墨尘2）,220721,10万-100万,体育/游戏,初筛排除-体育/游戏-内容方向不相关,"从业二十余载，我是白羽。
2001年入行，2004年起全国巡讲足球赛事分析，2009年拓展至篮球领域，两大项目同步深耕
不搞空洞理论，专研赛场规律、球队状态与攻防走势
讲课通俗易懂，干货实用，无论足球还是篮球
用沉淀的专业能力陪大家看懂赛事、理清思路。",
MS4wLjABAAAA7vZGXY9ewee9ib9ZxpIAh0maIJP-KO8VUXSdzEJhGRI,足球反着买,19,<1000,体育/游戏,初筛排除-体育/游戏-内容方向不相关,500元启动资金挑战世界杯翻十倍,
MS4wLjABAAAAC_lHf9hCAvfRK9PrrBqUaieKBP6K58irKRc1Com8hLgFruQvdlViYPKNqhYIXxVr,赛事策划欧阳成,92,<1000,体育/游戏,初筛排除-体育/游戏-内容方向不相关,"🎯 12年赛事运营 | 一站式标书制作
📝专注政府 、国企 、工会体育赛事
赛事全案策划、投标文件
赛事类标书咨询：OY19122
专业、严谨、高效，助力每一次中标",
MS4wLjABAAAAqaT5P9hfriyJTNAPYYibGytA0lEpqAegJ_AYQnA4Iv8,解说员袁甲,515519,10万-100万,影视娱乐,初筛排除-影视娱乐-内容方向不相关,"专业足球解说员、评论员
世界杯专栏---自袁其说",
MS4wLjABAAAAKciMF_nd0XbPlowUeVSFk4FeEPZ5-DawNnolaJXSFww,体育生的TC店🌈,499,<1000,体育/游戏,初筛排除-体育/游戏-内容方向不相关,"一家可以喝咖啡☕️的TC店 
官方号@八方COFFEE·BAR（体彩） 
➕Bafang629888🌍
喜欢打🏸踢⚽️
4个热爱体育的00后大学生
曾在赛场上风驰电掣，如今在体彩行业奋力奔跑🏃",
MS4wLjABAAAAq04L1AAI8_vRPzh-S5JZ-jB1TjCbj0W4H-u5ZEfRIKY,老万,5912,1000-1万,旅行/探险,初筛排除-旅行/探险-无非洲/商业信号,"自驾了全中国边边角角，
自驾世界100多国家，
所有视频拍摄与制作，属本人原创。",
MS4wLjABAAAAuie6ap6tZk6KxnUhrtALXsE76K9ecIA0jajj71LOUac,知杰游世界,617,<1000,旅行/探险,初筛排除-旅行/探险-无非洲/商业信号,全球旅游文化宣传者，旅游目的地宣传者，立志成为下一位特级导游，所有作品皆为原创，盗取必究,
MS4wLjABAAAAzMDwcAi4v-kdwAGtt9Ni1jfE0hV9-TiUVlNLX7mb9Hw,澎湃新闻,17790037,100万+,新闻媒体,初筛排除-新闻媒体-内容方向不相关,专注时政与思想，致力于原创新闻。,
MS4wLjABAAAARK-EVZ_090kzMcvz5X2Czt_1C6zrzjiCddnEiJ02lIkdINDVagC05utevb3zD3Rd,12码体育,4932,1000-1万,体育/游戏,初筛排除-体育/游戏-内容方向不相关,"📍 全球亲签发行｜ICONS、EM、FA等官方合作伙伴
📍 球员签售会/中国行/商业定制一站式策划
📍 快闪店&零售空间全国可落地
📍 支持兴趣用户开店&提供资源扶持
签名不止于售卖，更是连接热爱的方式。 欢迎同类品牌/兴趣用户合作，一起把球星故事带到中国。",
MS4wLjABAAAAyo1K1vjNEGAtkm3rJMwa9Y3Lng5lir4dCb8LEhQWB4I,足球看台烟火,0,<1000,体育/游戏,初筛排除-体育/游戏-内容方向不相关,"因为热爱所以坚持！
发现更多瞬间
讲好每个故事",
MS4wLjABAAAAh-HLKYjo3kvC098S_STW-fc8TNq-ZEnA6tiIPFo4ovWz4_bcK7eZUSZuIl1IoHS_,依帆足球,608361,10万-100万,影视娱乐,初筛排除-影视娱乐-内容方向不相关,"❣️胡小凡本凡
唯一日常号：@胡小凡耶✨
足球解说｜整活达人｜偶尔发疯
“线下看球就是最快乐的！”🤪",
MS4wLjABAAAAQnVdWucL82wkpFkrRG_qr1DEyS2_X3E3v-Z6hFIzpPwWgnFX8J5Uzyg7WD-gAxya,拾柒足球,22539,1万-10万,影视娱乐,初筛排除-影视娱乐-内容方向不相关,"用心做最好的赛事解说
新赛季五大联赛焦点更新！
感谢关注❤️",
MS4wLjABAAAAdWu4vFy3rw2g9patdX5JaXd8FdnCf5yZAzVpD8lI9KY,欧洲豪门足球,3578,1000-1万,体育/游戏,初筛排除-体育/游戏-内容方向不相关,"长期关注五大联赛！喜欢足球⚽️！分享五大联赛赛事！

谢谢大家的关注，视频来源网络，侵权联系删除！",
MS4wLjABAAAAkhqupmddeJ2u4tjwToLVKNJ_BxenUBqG2RqlbMxspT8149XjW9aZ-LamA6P2V-fG,红岛体育（世界杯版）,48,<1000,体育/游戏,初筛排除-体育/游戏-内容方向不相关,"🏠：红岛体育
🥰每日更新世界杯各小组知识。
🌏看好法国，西班牙，葡萄牙，巴西。
💤期待每天都有比赛看的日子💤",
MS4wLjABAAAADxxSM17aDo5GBB7mt6bHbOS2jzQpBxevn8Lh2rMkY8g,小央视频,26658159,100万+,新闻媒体,初筛排除-新闻媒体-内容方向不相关,央视国际网络有限公司,
MS4wLjABAAAAcy1Bhov7vR3lGm9kTrueUtbAsmaG0NHTMVcFzmBlOys,雷速体育,947876,10万-100万,体育/游戏,初筛排除-体育/游戏-内容方向不相关,📺本周直播,
MS4wLjABAAAAa3qPVraA64ZrVLntNXJRjHvmkGAfqz7fNfGWbg41Ioc,通哥说事,20485,1万-10万,泛知识/科普,初筛排除-泛知识/科普-无非洲/商业信号,"🤔观天下奇闻趣事
🧐察社会冷暖温情
😘尽在@通哥说事",
MS4wLjABAAAAJgXR2zPMW7hjnqSLr63xYAB-8ktupA2yJEO0iN_O4k8,齐鲁晚报·果然视频,24933193,100万+,新闻媒体,初筛排除-新闻媒体-内容方向不相关,"好看的新闻视频都在这儿～
商务：guoranshipin01
 （请备注来意否则不通过 本账号不接投稿）",
MS4wLjABAAAA_sq99jpNRAGdeF9oe1MpUm92cP48k-TBjtK2gJf4oOrng4LjxCDSf07xiWDSvb25,阜阳新闻网,10074672,100万+,新闻媒体,初筛排除-新闻媒体-内容方向不相关,"阜阳市新闻传媒中心阜阳新闻网官方抖音
互联网新闻信息服务许可证编号:34120180016",
MS4wLjABAAAA1T7D262LJncVKVTUgiUSV82AeYiL21rznFlDZbIG_p0,记着王师傅,3253,1000-1万,旅行/探险,初筛排除-旅行/探险-无非洲/商业信号,"不知名英语记者🎙️
采访报道分享📹
（偶尔客串旅行博主）",
MS4wLjABAAAAGv1xSpzqSwpYv3_YOsdo0NNz5c4D3cbvL1GFNv5CP18,江西新闻联播,1737125,100万+,新闻媒体,初筛排除-新闻媒体-内容方向不相关,"主流传播 信立天下                                                                               
投稿请发邮箱：jxtv7qihuo@163.com",
MS4wLjABAAAAlxKef7PUyCJi6s9Ikl7Ydyg9r1RSEbURiv5LnpF-MVWkAZbtWgs1K7WRobo6pWqB,喜闻乐见,2547,1000-1万,旅行/探险,初筛排除-旅行/探险-无非洲/商业信号,最爱运动、旅行,
MS4wLjABAAAAwxAP3Cu6XWiIEszQIOYMe4yksIhCI268ujmCP_Hqs5CaqW3KxAipKEbIXW3-AjH6,环球纪实,472,<1000,军事/时政,初筛排除-军事/时政-无非洲/商业信号,快速跟进军事热搜，紧跟全球军情节奏,
MS4wLjABAAAArrp7M0mIT0XInXgsax__nmB4jhB1Umm80rpq0YdEiFc,馆长玉先生剧场,2452355,100万+,影视娱乐,初筛排除-影视娱乐-内容方向不相关,"分享精彩短剧
内容均有版权，搬运必究！
合作请上星图",
MS4wLjABAAAAtZ75sljdR3kYSjKhzDSvguKWktqmFEg0Ac_Jo3FzLJE,海外观策,703,<1000,军事/时政,初筛排除-军事/时政-无非洲/商业信号,"海外营商｜局势分析｜机会参考
只推荐安全、规范、可持续的方向
靠谱，比什么都重要",
MS4wLjABAAAA6wOtGY7SrXnBKGKsC1RaxsuaFbXjRRKaJy0sKi3_2rSnv6SKZVC14LjbAexxJFPE,小马学解说,5,<1000,影视娱乐,初筛排除-影视娱乐-内容方向不相关,"从0开始学解说
分享干货｜日常练习｜成长记录
一起进步呀～",
MS4wLjABAAAA4JoEg1fIkKdWn6QX977wpyt2IIRBh95P6vH1Ci1assl_Bmcs3NL6xqevTCbjsCgO,阿尔及利亚夫妇陈哈克,10421,1万-10万,旅行/探险,初筛排除-旅行/探险-无非洲/商业信号,"阿国签，邀请函，旅游，各种业务。
中阿夫妻：跨国夫妇年龄相差15岁
老婆：哈之热 03年（阿尔及利亚）❤️
老公：陈哈克 88年（中国甘肃）❤️
混血大宝女孩：2025年生
视频记录一家人的日常生活
🛰️：aerjier2021
-感谢您的支持与厚爱!",
MS4wLjABAAAAwGEwxl72aOAd4ukV5PZWDaLXoZ6LF83MeGAVvZyrVB1UWFnV-0Cucb_agAFQ8C36,罗晗&全球签证,10240,1万-10万,旅行/探险,初筛排除-旅行/探险-无非洲/商业信号,十七年从业旅游行业，专业签证知识分享➕luohan85 橱窗是顺手推荐 谢谢,
MS4wLjABAAAAVN_NZajfIXXL5gpMruT1J4ZPnDRo6Fe-Yfo2Wugrd50,小恩带你看世界,680374,10万-100万,旅行/探险,初筛排除-旅行/探险-无非洲/商业信号,"💡职业环球旅行者↗旅居50国🌍xednksj
💡自己拍自己剪100%原创🎥 抄袭或搬运必究🚫
💡有时候穿插一些日常，进合集看不会乱🎬
💡有啥事进粉丝团我会回复⤵️（别重复加会被踢）
⚠️我不会为了任何当下热点而改变出片顺序⚠️",
MS4wLjABAAAAUZzf1dVGjt8X2Ib453YlgTpvPFSML6_dSvYsPdq9xrNCe8gLixI23v25VHehDKue,环寰地球,374326,10万-100万,泛知识/科普,初筛排除-泛知识/科普-无非洲/商业信号,"带你了解不一样的地理知识
看不全是审核不过
完整版可以关注西瓜视频：环寰地球
每日更新",
MS4wLjABAAAAZmjA2gm9f83b1L-_952-icEwGtFlO-_Lhi7qAabA1BM,迪拜中阿卫视,558575,10万-100万,新闻媒体,初筛排除-新闻媒体-内容方向不相关,来自迪拜的电视台，中国和阿拉伯国家的媒体桥梁、经贸文化交流桥梁。,
MS4wLjABAAAA7Rm_7upWFVcZzjtbrTG1Vg37X78rKTuFMkayh9rLzVMnjCcxq77ojVsNSe0aylmT,桑巴足球,13760,1万-10万,体育/游戏,初筛排除-体育/游戏-内容方向不相关,"💛喜欢足球的爱好者敬请关注，进群讨论。                                         
🟡视频剪辑都是个人完成，如有错误欢迎更正。                                                    🟨展现丰富的足球集锦，感受完美的精彩瞬间。
💡代✂️+商务:SangBaFB",
MS4wLjABAAAAV7A4NXDcrUzXc8g4tXGv1RC8fRKD_FB3NFvt_WkXwSI,潇湘晨报·晨视频,15124858,100万+,新闻媒体,初筛排除-新闻媒体-内容方向不相关,"记录平凡，看见温暖
抖音搜索“湘湘投稿库”爆料
新闻爆料：073185571188
WX：xxcbdyh",
MS4wLjABAAAA-HagmnUhZbB6XOYNOK5oWZXEkr84s1AWmArtLPJfYkLnRLCrFlUYzjmCgp2c2b8y,FM105.3东营综合广播,139292,10万-100万,新闻媒体,初筛排除-新闻媒体-内容方向不相关,综合广播在线，精彩只需一点❤️,
MS4wLjABAAAAgxk7byBqZLsyeNSFAzI6Htt5aR3YUbJBoKCpBIJpHRY,小宋嘚吧嘚,970,<1000,军事/时政,初筛排除-军事/时政-无非洲/商业信号,"小宋嘚吧嘚，实话我来说。
社会热点+
国际局势+
阅历心得+",
MS4wLjABAAAAEYqolPKjBpiWOvhgTSaK9rPPNVfoCS0tJkZomRvtIRI,滁州日报,1205989,100万+,新闻媒体,初筛排除-新闻媒体-内容方向不相关,"坐滁州，观天下。投稿邮箱：czrbxmt@126.com
部分视频来源于网络，如有侵权请联系删除。",
MS4wLjABAAAALEO9C8qCWQCts178LFBXdPlzpFq7nyBdzu1l321W9ou25jEaBGBXV1ghnJxa2bhv,博扬-世界杯,426481,10万-100万,体育/游戏,初筛排除-体育/游戏-内容方向不相关,"12 组出线形势⚽️丨 48 队人员阵型
104 场赛前技战术拆解🏆
仅此一号且无任何合作或助理账号
纯足球观赛科普⚽️，无赛事推荐、无投注引导，远离非法博彩",
MS4wLjABAAAAUaz6JKn5i_Q4lKuQb2onnm_w9I_FK9a298sJ084DsMQ,人间行记,14508,1万-10万,旅行/探险,初筛排除-旅行/探险-无非洲/商业信号,"看世界 🌍
了解不同地域 |  生活|文化  |环境  
关注我，一起开启视觉上的旅行！",
MS4wLjABAAAALYxh4vTaaiahBj6kHHN93cSSSLnG9bZWuKO_FOHtCdU,央视军事报道,3515378,100万+,新闻媒体,初筛排除-新闻媒体-内容方向不相关,《军事报道》节目官方抖音,
MS4wLjABAAAAow4bMC9SgeG2pn5T81u3XhB36M8B_S8WckVDXBuTZkfs6F_vzETN1I1JQKB3ETpC,张骥教授,688927,10万-100万,军事/时政,初筛排除-军事/时政-无非洲/商业信号,国际时政评论,
MS4wLjABAAAA1GwVYwcgO6m9yvjJXcMEIPnqJiPMaeEWsFaxOy9rmxQ,诚义,6437,1000-1万,旅行/探险,初筛排除-旅行/探险-无非洲/商业信号,运动，交友，旅游,
MS4wLjABAAAAXkeTKwe95-VWRwLRCWqkEQD6G6XaLzWlFfYyXe5trij1UZX6Skyb83kNS5MyHTKK,新时代中国外交思想库,2190540,100万+,新闻媒体,初筛排除-新闻媒体-内容方向不相关,中国互联网新闻中心（中国网）旗下账号,
MS4wLjABAAAAdz4cxpOYuGSjRk-_kJP7uxhaTFAE0fgrO3vDnKueMPjsq59ytWIXWR5e9KpxCRbt,颜总工作室3,738,<1000,影视娱乐,初筛排除-影视娱乐-内容方向不相关,"知名解说员体育媒体人
⚠️无短视频分发的都是仿冒⚠️
⚠️主动私信的都是仿冒⚠️
每日颜选长文更新在内目芝士APP",
MS4wLjABAAAAw09jA8ELXlGLmXksAR8zUyTxDWu5RemmyuOHLF3vOCM,伟而不凡,558,<1000,旅行/探险,初筛排除-旅行/探险-仅非洲无商业,"🌹 人间一趟，热烈坦荡，伟而不凡。
🌹每日更新北非真实风景/日常，带你看不一样的非洲
喜欢旅行/海外生活的，点个关注不迷路✨",
